archive,path,study,data_stage,cast_dir,n_bytes,sha256,n_rows,n_issues,cruise_key
20-0001NH_CTDFinalDB.zip,20-0001NH_CTDFinalDB/20-0001NH_CTDBTL_001-066D.csv,0001NH,final,D,12542182,4e1cde9c2385e105f7c92523d3432ec7c78ae55a0fc780da9c11d67f9e46f280,29601,0,2000-01-32NM
20-0001NH_CTDFinalDB.zip,20-0001NH_CTDFinalDB/20-0001NH_CTDBTL_001-066U.csv,0001NH,final,U,12556609,2db11454555d0278e80b60d1e56b9bcf873a90cdd6c206fc754371f9a5c9bf88,29648,0,2000-01-32NM
20-0001NH_CTDFinalQC.zip,20-0001NH_CTDFinalQC/db_csvs/20-0001NH_CTDBTL_001-066D.csv,0001NH,final,D,12542182,4e1cde9c2385e105f7c92523d3432ec7c78ae55a0fc780da9c11d67f9e46f280,29601,0,2000-01-32NM
20-0001NH_CTDFinalQC.zip,20-0001NH_CTDFinalQC/db_csvs/20-0001NH_CTDBTL_001-066U.csv,0001NH,final,U,12556609,2db11454555d0278e80b60d1e56b9bcf873a90cdd6c206fc754371f9a5c9bf88,29648,0,2000-01-32NM
20-0001NH_CTDFinalQC.zip,20-0001NH_CTDFinalQC/db_csvs/uncorrected/20-0001NH_CTDBTL_001-029ID.csv,0001NH,final,D,5666028,62b8ff3c2ec7ebe280edae1f382429d4741fb2971c2c52047d3982d47fa22623,13367,0,2000-01-32NM
20-0001NH_CTDFinalQC.zip,20-0001NH_CTDFinalQC/db_csvs/uncorrected/20-0001NH_CTDBTL_001-029IU.csv,0001NH,final,U,5673257,89142f89509b4f7fe75af17d598b11d1c77a638770ae09255590754b30a912de,13391,0,2000-01-32NM
20-0001NH_CTDFinalQC.zip,20-0001NH_CTDFinalQC/db_csvs/uncorrected/20-0001NH_CTDBTL_030-066ID.csv,0001NH,final,D,6876865,0a5a6058ea93ff4a7667825ed78b6c7b71ec280f0f5c33dd251c27d182868b4d,16234,0,2000-01-32NM
20-0001NH_CTDFinalQC.zip,20-0001NH_CTDFinalQC/db_csvs/uncorrected/20-0001NH_CTDBTL_030-066IU.csv,0001NH,final,U,6884089,c9879d3bf6a0694c229068d84b939a5f475d9ffa36dd6ba102c0ccd67293faf1,16257,0,2000-01-32NM
20-0004JD_CTDFinalDB.zip,20-0004JD_CTDFinalDB/20-0004JD_CTDBTL_001-066ID.csv,0004JD,final,D,12463166,fd133074885eeed8e0a6d1f0fcb2de22057582396a780d41884fdc616625f2d8,29456,0,2000-04-31JD
20-0004JD_CTDFinalDB.zip,20-0004JD_CTDFinalDB/20-0004JD_CTDBTL_001-066IU.csv,0004JD,final,U,12471827,3d5e064c69d39042dbdfa1898a6a849347357d7be6ec86094f091cb02f8bf8dc,29485,0,2000-04-31JD
20-0004JD_CTDFinalQC.zip,20-0004JD_CTDFinalQC/db-csvs/20-0004JD_CTDBTL_001-066ID.csv,0004JD,final,D,12463166,fd133074885eeed8e0a6d1f0fcb2de22057582396a780d41884fdc616625f2d8,29456,0,2000-04-31JD
20-0004JD_CTDFinalQC.zip,20-0004JD_CTDFinalQC/db-csvs/20-0004JD_CTDBTL_001-066IU.csv,0004JD,final,U,12471827,3d5e064c69d39042dbdfa1898a6a849347357d7be6ec86094f091cb02f8bf8dc,29485,0,2000-04-31JD
20-0007NH_CTDFinalDB.zip,20-0007NH_CTDFinalDB/20-0007NH_CTDBTL_001-066ID.csv,0007NH,final,D,12700595,4a2e8e69b425302a845b87fd6807681a9696e5117aadfb6e6f102317afedd899,29632,0,2000-07-32NM
20-0007NH_CTDFinalDB.zip,20-0007NH_CTDFinalDB/20-0007NH_CTDBTL_001-066IU.csv,0007NH,final,U,12706176,973ad02a76fbf09f81a5ccebccb655365ea0b7342f239bfe9480fa37922d4327,29659,0,2000-07-32NM
20-0007NH_CTDFinalQC.zip,20-0007NH_CTDFinalQC/db-csvs/20-0007NH_CTDBTL_001-066ID.csv,0007NH,final,D,12700595,4a2e8e69b425302a845b87fd6807681a9696e5117aadfb6e6f102317afedd899,29632,0,2000-07-32NM
20-0007NH_CTDFinalQC.zip,20-0007NH_CTDFinalQC/db-csvs/20-0007NH_CTDBTL_001-066IU.csv,0007NH,final,U,12706176,973ad02a76fbf09f81a5ccebccb655365ea0b7342f239bfe9480fa37922d4327,29659,0,2000-07-32NM
20-0010NH_CTDFinalDB.zip,20-0010NH_CTDFinalDB/20-0010NH_CTDBTL_002-074D.csv,0010NH,final,D,11529979,5d344dba95dd8f2760df363c42b775a1097499c230784e493ff5c4dcbd30d621,27171,0,2000-10-32NM
20-0010NH_CTDFinalDB.zip,20-0010NH_CTDFinalDB/20-0010NH_CTDBTL_002-074U.csv,0010NH,final,U,11536614,8da896535bef1e5c75c61f3ff8988832fdb9752714d3efc3fa9084d9ba037879,27199,0,2000-10-32NM
20-0010NH_CTDFinalQC.zip,20-0010NH_CTDFinalQC/db-csvs/20-0010NH_CTDBTL_002-074D.csv,0010NH,final,D,11529979,5d344dba95dd8f2760df363c42b775a1097499c230784e493ff5c4dcbd30d621,27171,0,2000-10-32NM
20-0010NH_CTDFinalQC.zip,20-0010NH_CTDFinalQC/db-csvs/20-0010NH_CTDBTL_002-074U.csv,0010NH,final,U,11536614,8da896535bef1e5c75c61f3ff8988832fdb9752714d3efc3fa9084d9ba037879,27199,0,2000-10-32NM
20-0010NH_CTDFinalQC.zip,20-0010NH_CTDFinalQC/db-csvs/orig/20-0010NH_CTDBTL_001-074ID.csv,0010NH,final,D,11545047,e34cc5f76c9322f8ebcae01abd29642f739f3347a079a6d5c4f7e71a75c51374,27209,21,2000-10-32NM
20-0010NH_CTDFinalQC.zip,20-0010NH_CTDFinalQC/db-csvs/orig/20-0010NH_CTDBTL_001-074IU.csv,0010NH,final,U,11541059,c0fe157c673305cf4d6d876e2e44b1bd1e30bc367b50d91f90291cf00c33c8ae,27210,0,2000-10-32NM
20-0101JD_CTDFinalDB.zip,20-0101JD_CTDFinalDB/20-0101JD_CTDBTL_001-066D.csv,0101JD,final,D,12319309,1b7a5d6f94a982ec57175d673f117605bd40e6ae063eddfdf466efed68d78f2f,29350,0,2001-01-31JD
20-0101JD_CTDFinalDB.zip,20-0101JD_CTDFinalDB/20-0101JD_CTDBTL_001-066U.csv,0101JD,final,U,12305779,265feaebc6dd3da69a3c944ae83bd8328e723857b0952158aa99d7318c893219,29288,0,2001-01-31JD
20-0101JD_CTDFinalQC.zip,20-0101JD_CTDFinalQC/db-csvs/20-0101JD_CTDBTL_001-066D.csv,0101JD,final,D,12319309,1b7a5d6f94a982ec57175d673f117605bd40e6ae063eddfdf466efed68d78f2f,29350,0,2001-01-31JD
20-0101JD_CTDFinalQC.zip,20-0101JD_CTDFinalQC/db-csvs/20-0101JD_CTDBTL_001-066U.csv,0101JD,final,U,12305779,265feaebc6dd3da69a3c944ae83bd8328e723857b0952158aa99d7318c893219,29288,0,2001-01-31JD
20-0101JD_CTDFinalQC.zip,20-0101JD_CTDFinalQC/db-csvs/orig/20-0101JD_CTDBTL_001-023ID.csv,0101JD,final,D,4779453,393a82c097f7f57542c82b7cfd6b7bdba691467190e2cdb934bd020bb326d83b,11394,0,2001-01-31JD
20-0101JD_CTDFinalQC.zip,20-0101JD_CTDFinalQC/db-csvs/orig/20-0101JD_CTDBTL_001-023IU.csv,0101JD,final,U,4739824,6588c38ad8f5ab6fe4a0d1b106f37f1514c5fe924eed22285552f73b5abc397b,11280,0,2001-01-31JD
20-0101JD_CTDFinalQC.zip,20-0101JD_CTDFinalQC/db-csvs/orig/20-0101JD_CTDBTL_024-039ID.csv,0101JD,final,D,2779622,954eab71cf5af5f2f4c7978955fe9b755f2436348c10cda0a957196a2186b2e1,6617,0,2001-01-31JD
20-0101JD_CTDFinalQC.zip,20-0101JD_CTDFinalQC/db-csvs/orig/20-0101JD_CTDBTL_024-039IU.csv,0101JD,final,U,2791943,18334b8fe8cf4a68d038ca4673a8d30cf65eafde213996141fd9c04734f8801d,6639,0,2001-01-31JD
20-0101JD_CTDFinalQC.zip,20-0101JD_CTDFinalQC/db-csvs/orig/20-0101JD_CTDBTL_040-066ID.csv,0101JD,final,D,4761568,4a59c8721c3fed33753f7d5e62997ff9f0f6f13967f8a9d3d91186256b6a1b33,11339,0,2001-01-31JD
20-0101JD_CTDFinalQC.zip,20-0101JD_CTDFinalQC/db-csvs/orig/20-0101JD_CTDBTL_040-066IU.csv,0101JD,final,U,4775676,9fd95a47a0d037ea79bb16e084aa9dd979c02fd20f63466913f35acfec041787,11369,0,2001-01-31JD
20-0104JD_CTDFinalDB.zip,20-0104JD_CTDFinalDB/20-0104JD_CTDBTL_001-513D.csv,0104JD,final,D,12377349,cd5a904e93796a4b47f3e6d08d6b376ed538e0c6f9b461e07bffe005d9fd38b1,29536,7,2001-04-31JD
20-0104JD_CTDFinalDB.zip,20-0104JD_CTDFinalDB/20-0104JD_CTDBTL_001-513U.csv,0104JD,final,U,12416958,12c014f9f4bca04f810622a5894089250ddbd23fb3f8f9acdc080f24482339af,29603,7,2001-04-31JD
20-0107NH_CTDFinalDB.zip,20-0107NH_CTDFinalDB/20-0107NH_CTDBTL_001-066D.csv,0107NH,final,D,11692538,25424725e2aa0f52744df93db0fd4d2d1611dbce96f857169b13191c48696726,27887,1,2001-07-32NM
20-0107NH_CTDFinalDB.zip,20-0107NH_CTDFinalDB/20-0107NH_CTDBTL_001-066U.csv,0107NH,final,U,11686558,febaf7029f99f7f104a03efe2390a171811bc8f7e8aad050c38179a530f572fa,27915,1,2001-07-32NM
20-0107NH_CTDFinalQC.zip,20-0107NH_CTDFinalQC/db-csvs/20-0107NH_CTDBTL_001-066D.csv,0107NH,final,D,11692538,25424725e2aa0f52744df93db0fd4d2d1611dbce96f857169b13191c48696726,27887,1,2001-07-32NM
20-0107NH_CTDFinalQC.zip,20-0107NH_CTDFinalQC/db-csvs/20-0107NH_CTDBTL_001-066U.csv,0107NH,final,U,11686558,febaf7029f99f7f104a03efe2390a171811bc8f7e8aad050c38179a530f572fa,27915,1,2001-07-32NM
20-0107NH_CTDFinalQC.zip,20-0107NH_CTDFinalQC/db-csvs/orig_dbcsvs/20-0107NH_CTDBTL_001-012ID.csv,0107NH,final,D,2383043,c19763ba5ab4929603beafb99e156b52a11f0b97038fc75b4935d95aece310f4,5699,0,2001-07-32NM
20-0107NH_CTDFinalQC.zip,20-0107NH_CTDFinalQC/db-csvs/orig_dbcsvs/20-0107NH_CTDBTL_001-012IU.csv,0107NH,final,U,2381886,0dc82abf7eb8d5a3ca4907b0bc11d39ac175485a5a1710e02f8484de6b1b9601,5699,0,2001-07-32NM
20-0107NH_CTDFinalQC.zip,20-0107NH_CTDFinalQC/db-csvs/orig_dbcsvs/20-0107NH_CTDBTL_013-066ID.csv,0107NH,final,D,9310008,5a0d6c43a84d49e8e77c4d5a8e50e74c7757a31da4cb29fe2426c1299fbe47db,22188,1,2001-07-32NM
20-0107NH_CTDFinalQC.zip,20-0107NH_CTDFinalQC/db-csvs/orig_dbcsvs/20-0107NH_CTDBTL_013-066IU.csv,0107NH,final,U,9314544,9afead474fa14348b78e2d08d56b88b0c18789fcae8c0dd15591613b416382c1,22216,1,2001-07-32NM
20-0110NH_CTDFinalDB.zip,20-0110NH_CTDFinalDB/20-0110NH_CTDBTL_001-066D.csv,0110NH,final,D,12434008,93f8f3f49b002d412fff589884077257bd58684b38321fac770a5c4ec4467e2b,29543,2,2001-10-32NM
20-0110NH_CTDFinalDB.zip,20-0110NH_CTDFinalDB/20-0110NH_CTDBTL_001-066U.csv,0110NH,final,U,12475103,1fc051162ddcb7ea334815586d192ed1a0cf7e559fe6f228f191b3f9e42a1856,29672,2,2001-10-32NM
20-0110NH_CTDFinalQC.zip,20-0110NH_CTDFinalQC/db-csvs/20-0110NH_CTDBTL_001-066D.csv,0110NH,final,D,12434008,93f8f3f49b002d412fff589884077257bd58684b38321fac770a5c4ec4467e2b,29543,2,2001-10-32NM
20-0110NH_CTDFinalQC.zip,20-0110NH_CTDFinalQC/db-csvs/20-0110NH_CTDBTL_001-066U.csv,0110NH,final,U,12475103,1fc051162ddcb7ea334815586d192ed1a0cf7e559fe6f228f191b3f9e42a1856,29672,2,2001-10-32NM
20-0201JD_CTDFinalDB.zip,20-0201JD_CTDFinalDB/20-0201JD_CTDBTL_001-066ID.csv,0201JD,final,D,12373935,29447107e56f976f5aab3f1963a92c503ce7e5b17e531af9348b8d6e048359a4,29407,0,2002-01-31JD
20-0201JD_CTDFinalDB.zip,20-0201JD_CTDFinalDB/20-0201JD_CTDBTL_001-066IU.csv,0201JD,final,U,12390658,7e7fc37e0221c50015dae894fe5c36f4a60d97ce48afb9cf817ccc278c6a73f5,29469,0,2002-01-31JD
20-0204JD_CTDFinalDB.zip,20-0204JD_CTDFinalDB/20-0204JD_CTDBTL_001-535D.csv,0204JD,final,D,12065278,763937afd5131b920d936756fc75c57dc980519b2dc76c16c5be6f89749bc94c,29118,2,2002-04-31JD
20-0204JD_CTDFinalDB.zip,20-0204JD_CTDFinalDB/20-0204JD_CTDBTL_001-535U.csv,0204JD,final,U,12504959,0fc0390662eea7c16bc6bebc57d385a6a0e479bb93699b89ad6b977af546219b,30182,2,2002-04-31JD
20-0207NH_CTDFinalDB.zip,20-0207NH_CTDFinalDB/20-0207NH_CTDBTL_001-066D.csv,0207NH,final,D,12403787,add6a16937ede1b982c8439830cf5ba1c6fcee5e3927215aa13a75fbf560e7df,29510,0,2002-07-32NM
20-0207NH_CTDFinalDB.zip,20-0207NH_CTDFinalDB/20-0207NH_CTDBTL_001-066U.csv,0207NH,final,U,12439924,ed01a8f7629fe46c202b6b10e74e705580205e893c83d3d1646ccbebe5f9556f,29603,0,2002-07-32NM
20-0207NH_CTDFinalQC.zip,20-0207NH_CTDFinalQC/db_csvs/20-0207NH_CTDBTL_001-066D.csv,0207NH,final,D,12403787,add6a16937ede1b982c8439830cf5ba1c6fcee5e3927215aa13a75fbf560e7df,29510,0,2002-07-32NM
20-0207NH_CTDFinalQC.zip,20-0207NH_CTDFinalQC/db_csvs/20-0207NH_CTDBTL_001-066U.csv,0207NH,final,U,12439924,ed01a8f7629fe46c202b6b10e74e705580205e893c83d3d1646ccbebe5f9556f,29603,0,2002-07-32NM
20-0211NH_CTDFinalDB.zip,20-0211NH_CTDFinalDB/20-0211NH_CTDBTL_001-066D.csv,0211NH,final,D,12537697,d7c621747722edc4d243e61e482ffd25180b962d23f46135eb08a6588d4a73f9,29606,0,2002-11-32NM
20-0211NH_CTDFinalDB.zip,20-0211NH_CTDFinalDB/20-0211NH_CTDBTL_001-066U.csv,0211NH,final,U,12532603,ed29a943b55f2108cb835d6cf2d00d69fab0589d74161f7e8c5851326a2cf651,29615,0,2002-11-32NM
20-0211NH_CTDFinalQC.zip,20-0211NH_CTDFinalQC/db_csvs/20-0211NH_CTDBTL_001-066D.csv,0211NH,final,D,12405284,39e1920b29c2b27ae6de2d1ce2049c9d3981cea5b7e2b57c2e0cddd31153038e,29609,0,2002-11-32NM
20-0211NH_CTDFinalQC.zip,20-0211NH_CTDFinalQC/db_csvs/20-0211NH_CTDBTL_001-066U.csv,0211NH,final,U,12399662,9aecf91f77f42cba565e8028839f92479f7bd806d8f70e38b913b6133563a69d,29613,0,2002-11-32NM
20-0302JD_CTDFinalQC.zip,20-0302JD_CTDFinalQC/db_csvs/20-0302JD_CTDBTL_001-100D.csv,0302JD,final,D,17710137,25966a0c547f3d7bbb5a2c7e696f9eeba2a4699893360f1bd7d53daba2bf438a,42856,0,2003-02-31JD
20-0302JD_CTDFinalQC.zip,20-0302JD_CTDFinalQC/db_csvs/20-0302JD_CTDBTL_001-100U.csv,0302JD,final,U,17718872,5347c5d3e0a121cf8e6bfc74536f3befa1db38d857701d4fbd9e0f3a8b71f723,42901,0,2003-02-31JD
20-0302JD_CTDFinalQC.zip,20-0302JD_CTDFinalQC/db_csvs/south-north/20-0302JD_CTDBTL_001-073ID.csv,0302JD,final,D,13397126,9b9b0b36189a3c8607eb4ab0fa1b4dbee514ec1a849bb69d57693893e8fd4a20,31990,0,2003-02-31JD
20-0302JD_CTDFinalQC.zip,20-0302JD_CTDFinalQC/db_csvs/south-north/20-0302JD_CTDBTL_001-073IU.csv,0302JD,final,U,13403660,342b296692c5e85e050acc3feca052803fcfafb6321c19f56924248408eaba95,32022,0,2003-02-31JD
20-0302JD_CTDFinalQC.zip,20-0302JD_CTDFinalQC/db_csvs/south-north/20-0302JD_CTDBTL_074-100ID.csv,0302JD,final,D,4313657,c3a17e3d7141f551a27cc4eda934deabe763a7083d94ded979dc80787068d257,10866,0,2003-02-31JD
20-0302JD_CTDFinalQC.zip,20-0302JD_CTDFinalQC/db_csvs/south-north/20-0302JD_CTDBTL_074-100IU.csv,0302JD,final,U,4318039,6e5a950b6f1fdadaad9b8edd9f6ba0d7bd87073390bee05396f3c681339a450a,10879,0,2003-02-31JD
20-0304JD_CTDFinalDB.zip,20-0304JD_CTDFinalDB/20-0304JD_CTDBTL_068-167ID.csv,0304JD,final,D,5644313,0da9e35434b5244113229e20f4627b6479d31e333c0ac04132dac75b4cfe91f2,15696,0,2003-04-31JD
20-0304JD_CTDFinalDB.zip,20-0304JD_CTDFinalDB/20-0304JD_CTDBTL_068-167IU.csv,0304JD,final,U,5663432,9b2e84b319770fadf40c860e41fe72daaf976223d5bbcf08abe5a554b4f32ea8,15751,0,2003-04-31JD
20-0304RR_CTDFinalDB.zip,20-0304RR_CTDFinalDB/20-0304RR_CTDBTL_001-067ID.csv,0304RR,final,D,12225955,4bcd09076ffa6725ab20a4075165822ef9f6518a6fc14bb1389323b3f74c733a,29507,1,2003-04-33RR
20-0304RR_CTDFinalDB.zip,20-0304RR_CTDFinalDB/20-0304RR_CTDBTL_001-067IU.csv,0304RR,final,U,12253102,766b4eddcc2e19f43ebc8226e2802c8d040ab814ccf37a53780c0aab3c4cabae,29574,1,2003-04-33RR
20-0307NH_CTDFinalQC.zip,20-0307NH_CTDFinalQC/db_csvs/20-0307NH_CTDBTL_001-526ID.csv,0307NH,final,D,11342253,7ac0c5d71b0324848af82e07b77991a3f4c3d93201807e881268abd59bd86502,26697,0,2003-07-32NM
20-0307NH_CTDFinalQC.zip,20-0307NH_CTDFinalQC/db_csvs/20-0307NH_CTDBTL_001-526IU.csv,0307NH,final,U,11278670,92a4a00d617d134cda2e5b4b696e34024ed304787ab5e98f3eab2f07130fa42a,26544,0,2003-07-32NM
20-0307NH_CTDFinalQC.zip,20-0307NH_CTDFinalQC/db_csvs/20-0307NH_CTDBTL_044-060ID.csv,0307NH,final,D,480857,d61a785826da16a04dda3476ab741f8ad21991686865da69241f3bdd4eb661fb,1128,0,2003-07-32NM
20-0307NH_CTDFinalQC.zip,20-0307NH_CTDFinalQC/db_csvs/20-0307NH_CTDBTL_044-060IU.csv,0307NH,final,U,482411,6effabf03bf400c02f0fc5838c27b04bc95dbddbedf6c7420d93d513bff6deee,1132,0,2003-07-32NM
20-0310NH_CTDFinalQC.zip,20-0310NH_CTDFinalQC/db_csvs/20-0310NH_CTDBTL_001-066D.csv,0310NH,final,D,12658005,eb1bcf041b194d8045068b77d312e8376fb9462540c818a57d259794692320f3,29723,0,2003-10-32NM
20-0310NH_CTDFinalQC.zip,20-0310NH_CTDFinalQC/db_csvs/20-0310NH_CTDBTL_001-066U.csv,0310NH,final,U,12662032,d609539fe017f08ff0032ddecbb504c087ea817fb1defc15e1b8cb9e46d2cb6d,29780,0,2003-10-32NM
20-0401JD_CTDFinalQC.zip,20-0401JD_CTDFinalQC/db_csvs/20-0401JD_CTDBTL_001-098ID.csv,0401JD,final,D,19423000,eb3018950f0a990b8ac934a7e3e5f111da566061be00f65f6991a844eedb2c7e,46804,0,2004-01-31JD
20-0401JD_CTDFinalQC.zip,20-0401JD_CTDFinalQC/db_csvs/20-0401JD_CTDBTL_001-098IU.csv,0401JD,final,U,19676322,590f72615d7516be4f1d49852ca284e987a6219dc74a17a62d68897e86b9de76,47405,0,2004-01-31JD
20-0404NHJD_CTDFinalQC.zip,20-0404NHJD_CTDFinalQC/db_csvs/20-0404JD_CTDBTL_067-094ID.csv,0404JD,final,D,6269220,1275c6e4e581ed8a297d611e1de2188e156e42d9cfb924f69da5e16e386484f7,15696,0,2004-04-31JD
20-0404NHJD_CTDFinalQC.zip,20-0404NHJD_CTDFinalQC/db_csvs/20-0404JD_CTDBTL_067-094IU.csv,0404JD,final,U,6282489,9400158fe49234b5fe28481533dfa4a71564dba6e61007cc3f20993d9d9fc9db,15730,0,2004-04-31JD
20-0404NHJD_CTDFinalQC.zip,20-0404NHJD_CTDFinalQC/db_csvs/20-0404NH_CTDBTL_001-066ID.csv,0404NH,final,D,12546337,7ee3ee477b1b23744fd475f1c5a3715fe3e93d6be4c2bde3ac6a876ddb210779,29572,0,2004-04-32NM
20-0404NHJD_CTDFinalQC.zip,20-0404NHJD_CTDFinalQC/db_csvs/20-0404NH_CTDBTL_001-066IU.csv,0404NH,final,U,12569012,b1931adbc8a5951b60c7c9b18fc8307cc80960b8ed45d9fddfa43b8bbd453685,29629,0,2004-04-32NM
20-0407JD_CTDFinalQC.zip,20-0407JD_CTDFinalQC/db_csvs/20-0407JD_CTDBTL_001-012ID.csv,0407JD,final,D,2198802,bdb5989198a8e2c5587bea71c6c077bcaf293cb527c9b1fe432304e766bf3d23,5196,0,2004-07-31JD
20-0407JD_CTDFinalQC.zip,20-0407JD_CTDFinalQC/db_csvs/20-0407JD_CTDBTL_001-012IU.csv,0407JD,final,U,2202994,79882149b63cc7792e8a5022fe14aa5827e5f85670999e659b78d7120742bf83,5206,0,2004-07-31JD
20-0407JD_CTDFinalQC.zip,20-0407JD_CTDFinalQC/db_csvs/20-0407JD_CTDBTL_013-074ID.csv,0407JD,final,D,10318782,2fac4394a73acfcc8897a51a7885376bfc6ece0586da4157ab0ba95616278172,24325,1,2004-07-31JD
20-0407JD_CTDFinalQC.zip,20-0407JD_CTDFinalQC/db_csvs/20-0407JD_CTDBTL_013-074IU.csv,0407JD,final,U,10335354,183f8491a1d3bab7f805c52bbd0400d6d0699c126faf0a7d5e5da1a98f311617,24366,1,2004-07-31JD
20-0407JD_CTDFinalQC.zip,20-0407JD_CTDFinalQC/db_csvs/pieces/20-0407JD_CTDBTL_001-002ID.csv,0407JD,final,D,31963,bc332c033a9e30b63a1dfc28e9c6205a9899a7307bf58f15a357ceb101325231,71,0,2004-07-31JD
20-0407JD_CTDFinalQC.zip,20-0407JD_CTDFinalQC/db_csvs/pieces/20-0407JD_CTDBTL_001-002IU.csv,0407JD,final,U,32829,94a374c9488514561d6fa09fb2e07cc9dd681e1bb6ec23086884133f3f97b30e,73,0,2004-07-31JD
20-0407JD_CTDFinalQC.zip,20-0407JD_CTDFinalQC/db_csvs/pieces/20-0407JD_CTDBTL_003-012ID.csv,0407JD,final,D,2167517,f315eab747373f32207a3c130d209c09f97a040ec59fe3dccbadb3876dc7bdaa,5125,0,2004-07-31JD
20-0407JD_CTDFinalQC.zip,20-0407JD_CTDFinalQC/db_csvs/pieces/20-0407JD_CTDBTL_003-012IU.csv,0407JD,final,U,2170843,7f1046c358ddd7d7c24827381e87d4034a4b14902232f13f9dc05c98491b1b19,5133,0,2004-07-31JD
20-0407JD_CTDFinalQC.zip,20-0407JD_CTDFinalQC/db_csvs/pieces/20-0407JD_CTDBTL_013-028ID.csv,0407JD,final,D,3399175,183d56b9207e50aa218c584bb430ac912ac1fe6438957ed0d8a7b6b97e5b2670,8012,0,2004-07-31JD
20-0407JD_CTDFinalQC.zip,20-0407JD_CTDFinalQC/db_csvs/pieces/20-0407JD_CTDBTL_013-028IU.csv,0407JD,final,U,3402818,c4f59782e03cf8907b31ae2ba0da12a6c9152da850f717fd469dff7fc21d7a28,8021,0,2004-07-31JD
20-0407JD_CTDFinalQC.zip,20-0407JD_CTDFinalQC/db_csvs/pieces/20-0407JD_CTDBTL_029-039ID.csv,0407JD,final,D,1395099,6af42a3765ce2a4d5a5833d688456c4cd134f8eb088c8611b02a97fa94025475,3289,0,2004-07-31JD
20-0407JD_CTDFinalQC.zip,20-0407JD_CTDFinalQC/db_csvs/pieces/20-0407JD_CTDBTL_029-039IU.csv,0407JD,final,U,1398296,09a42bbd3a2a3cd5d72a8d6027d29abd883bdd40be8e0a3203aa0dcb3e68a6d9,3297,0,2004-07-31JD
20-0407JD_CTDFinalQC.zip,20-0407JD_CTDFinalQC/db_csvs/pieces/20-0407JD_CTDBTL_040-074ID.csv,0407JD,final,D,5525864,b6644cff9350616f8af8531af03db2093354559f14d44453fd6b6ec44f3214ed,13024,1,2004-07-31JD
20-0407JD_CTDFinalQC.zip,20-0407JD_CTDFinalQC/db_csvs/pieces/20-0407JD_CTDBTL_040-074IU.csv,0407JD,final,U,5535596,f1164c378f98dd36bb7e695ccfd8b8c37db354691170e2f14347887057df3178,13048,1,2004-07-31JD
20-0411RR_CTDFinalQC.zip,20-0411RR_CTDFinalQC/db_csvs/20-0411RR_CTDBTL_001-965ID.csv,0411RR,final,D,13329923,d182793b3d927c3b04c6603e5c69ed5925c4fb2ee4efca1a52b0e89c32e7f1c7,32648,0,2004-11-33RR
20-0411RR_CTDFinalQC.zip,20-0411RR_CTDFinalQC/db_csvs/20-0411RR_CTDBTL_001-965IU.csv,0411RR,final,U,13329785,3701598de2446d5be221915216e947fb57c205bc76887f55b674adf88ddc6fdb,32661,0,2004-11-33RR
20-0501NH_CTDFinalQC.zip,20-0501NH_CTDFinalQC/db_csvs/20-0501NH_CTDBTL_001-075D.csv,0501NH,final,D,12347380,6ec9f00674bc1c68f7405b08888731a6360e3e3c66e6c73ef1763fea95d3265e,29827,0,2005-01-32NM
20-0501NH_CTDFinalQC.zip,20-0501NH_CTDFinalQC/db_csvs/20-0501NH_CTDBTL_001-075U.csv,0501NH,final,U,12360359,985bb0e376f2dfdc2f91da0d963a78dc6a87e0c0597e204d2050af9dcc3694e7,29862,0,2005-01-32NM
20-0504NH_CTDFinalQC.zip,20-0504NH_CTDFinalQC/db_csvs/20-0504NH_CTDBTL_001-075D.csv,0504NH,final,D,12476847,deb7f94e4bdfa7d7f0769efc5f98a3e29457d645413fc2ff6a568cb7a8f2f747,29920,1,2005-04-32NM
20-0504NH_CTDFinalQC.zip,20-0504NH_CTDFinalQC/db_csvs/20-0504NH_CTDBTL_001-075U.csv,0504NH,final,U,12485773,25bf220dd84e64ca9c4ea873e9b033ae599fa122126074735937b3f2c5b477d7,29969,79,2005-04-32NM
20-0507NH_CTDFinalQC.zip,20-0507NH_CTDFinalQC/db_csvs/20-0507NH_CTDBTL_001-075D.csv,0507NH,final,D,12539839,a72ccd2dfd69233bbc2087c96a120a25df3e1a0a1cd356264b89899f410169f0,30008,3,2005-07-32NM
20-0507NH_CTDFinalQC.zip,20-0507NH_CTDFinalQC/db_csvs/20-0507NH_CTDBTL_001-075U.csv,0507NH,final,U,12562214,8272b755188e87230cb7c44db966f79e180c2b29eb0144c3d31d361ef669461b,30048,3,2005-07-32NM
20-0511NH_CTDFinalQC.zip,20-0511NH_CTDFinalQC/db_csvs/20-0511NH_CTDBTL_001-072D.csv,0511NH,final,D,11230591,c71f20e33d8d26a6df5a6c40a03033df395ac21a2061f3ae1141ee9d72e0ab8a,28204,1,2005-11-32NM
20-0511NH_CTDFinalQC.zip,20-0511NH_CTDFinalQC/db_csvs/20-0511NH_CTDBTL_001-072U.csv,0511NH,final,U,11276565,03aaa5381ee43ff7ea0c6513399eb975a31ede884fdc264ca40502a301ce1834,28313,1,2005-11-32NM
20-0602JD_CTDFinalQC.zip,20-0602JD_CTDFinalQC/db_csvs/20-0602JD_CTDBTL_001-096D.csv,0602JD,final,D,17598558,4a312fbfb33b6ebb6fff57bd068cfd0c2d089477fc5f1566449d12fd60814839,43972,0,2006-02-31JD
20-0602JD_CTDFinalQC.zip,20-0602JD_CTDFinalQC/db_csvs/20-0602JD_CTDBTL_001-096U.csv,0602JD,final,U,17649021,f6629631224fe7cd82a2028ab6a387c5b172aa9b61243336d327260893616fbc,44101,0,2006-02-31JD
20-0604NH_CTDFinalQC.zip,20-0604NH_CTDFinalQC/db_csvs/20-0604NH_CTDBTL_001-563ID.csv,0604NH,final,D,12056479,f7924532b7f94eba3f0058f7ee7293c337444774ab6ad5b662f3d9de46d1d0b5,29764,0,2006-04-32NM
20-0604NH_CTDFinalQC.zip,20-0604NH_CTDFinalQC/db_csvs/20-0604NH_CTDBTL_001-563IU.csv,0604NH,final,U,12092289,8c606312ff8ea53530f51be5d123f3947e9084a878b058733714a81a9eecff9c,29854,0,2006-04-32NM
20-0607NH_CTDFinalQC.zip,20-0607NH_CTDFinalQC/db_csvs/20-0607NH_CTDBTL_001-074ID.csv,0607NH,final,D,11608330,6654eb7e2986bce3b7cc84c96ecc6778d4e1b5ee259d131451974d1c3dfd300d,30066,0,2006-07-32NM
20-0607NH_CTDFinalQC.zip,20-0607NH_CTDFinalQC/db_csvs/20-0607NH_CTDBTL_001-074IU.csv,0607NH,final,U,11609812,73c05fd0c11b322c4709f71ad493dc7cdfefa2703218d77393247a7654716e4d,30075,0,2006-07-32NM
20-0610RR_CTDFinalQC.zip,20-0610RR_CTDFinalQC/db-csvs/20-0610RR_CTDBTL_001-567D.csv,0610RR,final,D,12584309,8f1ab76ed65b4edc4e18b302013afb565960fa1e331f62f26e4961bab7637df7,30902,0,2006-10-33RR
20-0610RR_CTDFinalQC.zip,20-0610RR_CTDFinalQC/db-csvs/20-0610RR_CTDBTL_001-567U.csv,0610RR,final,U,12579017,1c0b936326a1868ba72f98bb6e1c5010731bc82bbe461de40865ff6de8493649,30907,0,2006-10-33RR
20-0701JD_CTDFinalQC.zip,20-0701JD_CTDFinalQC/db_csvs/20-0701JD_CTDBTL_001-084D.csv,0701JD,final,D,16050511,0617ac6e422237c6c385de4222715a69a0b5d36d2a75a01973989191e007c49d,39356,0,2007-01-31JD
20-0701JD_CTDFinalQC.zip,20-0701JD_CTDFinalQC/db_csvs/20-0701JD_CTDBTL_001-084U.csv,0701JD,final,U,16030251,f51f6629095997f6a93cbefa4323dc3693342cde2427e23371084c5951234d27,39371,0,2007-01-31JD
20-0704JD_CTDFinalQC.zip,20-0704JD_CTDFinalQC/db-csvs/20-0704JD_CTDBTL_001-555ID.csv,0704JD,final,D,16325232,5f6cb986b909fb0dcc94c22fa7b73fbf35718862ebf18f78b56e5dea105cb9a7,40794,0,2007-04-31JD
20-0704JD_CTDFinalQC.zip,20-0704JD_CTDFinalQC/db-csvs/20-0704JD_CTDBTL_001-555IU.csv,0704JD,final,U,16350494,f0925627c05b2ddcf57e99aaa25a61afac4c6136960596cc9ae67a440d9c8824,40871,0,2007-04-31JD
20-0707NH_CTDFinalQC.zip,20-0707NH_CTDFinalQC/db-csvs/20-0707NH_CTDBTL_001-073ID.csv,0707NH,final,D,12163142,5b1d261bc0f4727443926f9869cf7c855e5f92e4ac2b5d575059be7f3f3b9538,29743,0,2007-07-32NM
20-0707NH_CTDFinalQC.zip,20-0707NH_CTDFinalQC/db-csvs/20-0707NH_CTDBTL_001-073IU.csv,0707NH,final,U,12143899,928629003193a26cdc28426ae7437cca6d5f8d5af6fd8e43628b73241265d75a,29792,0,2007-07-32NM
20-0707NH_CTDFinalQC.zip,20-0707NH_CTDFinalQC/db-csvs/separateRuns/20-0707NH_CTDBTL_001-012ID.csv,0707NH,final,D,1910799,5258889b0fcdf5c4a4355e96cb12f6af57f6c17a1768db654a477c224f4a49d6,4683,0,2007-07-32NM
20-0707NH_CTDFinalQC.zip,20-0707NH_CTDFinalQC/db-csvs/separateRuns/20-0707NH_CTDBTL_001-012IU.csv,0707NH,final,U,1898604,e2c6b501bf930a1afc6b7336408e9af2c4a4dd9bd9413673389b9448019ef631,4691,0,2007-07-32NM
20-0707NH_CTDFinalQC.zip,20-0707NH_CTDFinalQC/db-csvs/separateRuns/20-0707NH_CTDBTL_013-046ID.csv,0707NH,final,D,5989212,d2a019b01ceda35c3fb7e28be612bd6855679be3cffabef917084a451950c3c8,14649,0,2007-07-32NM
20-0707NH_CTDFinalQC.zip,20-0707NH_CTDFinalQC/db-csvs/separateRuns/20-0707NH_CTDBTL_013-046IU.csv,0707NH,final,U,5976892,1a3278dbc81789511bac452db661cfe4e192c095f588fd45c72d87fb4bfebe78,14671,0,2007-07-32NM
20-0707NH_CTDFinalQC.zip,20-0707NH_CTDFinalQC/db-csvs/separateRuns/20-0707NH_CTDBTL_047-073ID.csv,0707NH,final,D,4264487,307f8922e85e5255a7153ce164d5608125aba452f30dfafd46ae00ca318ab5bd,10411,0,2007-07-32NM
20-0707NH_CTDFinalQC.zip,20-0707NH_CTDFinalQC/db-csvs/separateRuns/20-0707NH_CTDBTL_047-073IU.csv,0707NH,final,U,4269759,3e1eae383a9f3c8a2e8076ab55de4bc64b163f7f14af3b41417a5ef190741c09,10430,0,2007-07-32NM
20-0711NH_CTDFinalQC.zip,20-0711NH_CTDFinalQC/db-csvs/20-0711_CTDBTL_001-067ID.csv,0711NH,final,D,11664137,45437ad6db858fa870fbfaf2ae8b93aaeec47a681d1be1d29f9d39a40ddf4da1,28662,0,2007-11-32NM
20-0711NH_CTDFinalQC.zip,20-0711NH_CTDFinalQC/db-csvs/20-0711_CTDBTL_001-067IU.csv,0711NH,final,U,11681316,8e27c95bb351277bf3ce73797a9019fbc5e68bd430e696c866e1a8d98c7eab9d,28732,0,2007-11-32NM
20-0801JD_CTDFinalQC.zip,20-0801JD_CTDFinalQC/db-csvs/20-0801JD_CTDBTL_001-545ID.csv,0801JD,final,D,11464546,2f26f0e40666ce523acc1b061be410e1417acd935241a8c1cd6e4cc4406c5763,28798,0,2008-01-31JD
20-0801JD_CTDFinalQC.zip,20-0801JD_CTDFinalQC/db-csvs/20-0801JD_CTDBTL_001-545IU.csv,0801JD,final,U,11485141,d6091f198f12913704478bdb216dfed00967efe9af5ca34583a8aa19d0dda73b,28858,0,2008-01-31JD
20-0801JD_CTDFinalQC.zip,20-0801JD_CTDFinalQC/db-csvs/20-0801_CTDBTL_001-545D.csv,0801JD,final,D,11464960,263e6b6e5d504ad4df319f1bf78651306cbe71f303fa4f324450ec3042d1b351,28798,0,2008-01-31JD
20-0801JD_CTDFinalQC.zip,20-0801JD_CTDFinalQC/db-csvs/20-0801_CTDBTL_001-545ID.csv,0801JD,final,D,11464960,263e6b6e5d504ad4df319f1bf78651306cbe71f303fa4f324450ec3042d1b351,28798,0,2008-01-31JD
20-0801JD_CTDFinalQC.zip,20-0801JD_CTDFinalQC/db-csvs/20-0801_CTDBTL_001-545IU.csv,0801JD,final,U,11468679,6c97b14162c1d521781d12127eaa4182e204b2b78f72929a96c2b5b06084bbb8,28858,0,2008-01-31JD
20-0801JD_CTDFinalQC.zip,20-0801JD_CTDFinalQC/db-csvs/20-0801_CTDBTL_001-545U.csv,0801JD,final,U,11468679,6c97b14162c1d521781d12127eaa4182e204b2b78f72929a96c2b5b06084bbb8,28858,0,2008-01-31JD
20-0804JD_CTDFinalQC.zip,20-0804JD_CTDFinalQC/db-csvs/20-0804JD_CTDBTL_001-177ID.csv,0804JD,final,D,15409807,b19845a4e2595cd3d5f401e9aa5b7afdba04c0a628b12240d2c788bdffeff12d,39465,0,2008-04-31JD
20-0804JD_CTDFinalQC.zip,20-0804JD_CTDFinalQC/db-csvs/20-0804JD_CTDBTL_001-177IU.csv,0804JD,final,U,15430661,8ad4ddde60bbd4c7a090316fe6d8529384d09da0c59475be700fd2f6adfa48c2,39535,0,2008-04-31JD
20-0808NH_CTDFinalQC.zip,20-0808NH_CTDFinalQC/db-csvs/20-0808_CTDBTL_001-069D.csv,0808NH,final,D,11824595,efa72540ebef4c282034974de7a6b094e455eb853b715aab87881cade1bbf17c,29798,0,2008-08-32NM
20-0808NH_CTDFinalQC.zip,20-0808NH_CTDFinalQC/db-csvs/20-0808_CTDBTL_001-069U.csv,0808NH,final,U,11813699,dca4d70d96bb3330fef1c7288422d819d72979c3ad417cc2ef3a8678c0d7e415,29863,0,2008-08-32NM
20-0810NH_CTDFinalQC.zip,20-0810NH_CTDFinalQC/db-csvs/20-0810NH_CTDBTL_001-073ID.csv,0810NH,final,D,11170140,e41029faa39be20d0c531ef771a2581da48f6edc527e28d7f2068b0d60e8c165,29925,0,2008-10-32NM
20-0810NH_CTDFinalQC.zip,20-0810NH_CTDFinalQC/db-csvs/20-0810NH_CTDBTL_001-073IU.csv,0810NH,final,U,11181493,1e7262741902f7f8eab85ba301ea31e1411ca046699b65180e3a29a6ea479f63,29986,0,2008-10-32NM
20-0901NH_CTDFinalQC.zip,20-0901NH_CTDFinalQC/db-csvs/20-0901NH_CTDBTL_001-075ID.csv,0901NH,final,D,11743090,81f6eab5ee1227897bed4033af7e9f9e67ac7e8bc604a0212d6cfbfbe965d027,30033,0,2009-01-32NM
20-0901NH_CTDFinalQC.zip,20-0901NH_CTDFinalQC/db-csvs/20-0901NH_CTDBTL_001-075IU.csv,0901NH,final,U,11769859,0d08100bf4a2879b8dcc898fd34dd6f5258500afaad182ccae2961200ecbc64d,30102,0,2009-01-32NM
20-0903JD_CTDFinalQC.zip,20-0903JD_CTDFinalQC/db-csvs/20-0903JD_CTDBTL_001-071ID.csv,0903JD,final,D,11322247,c8cde8d0be3badf95647d32647343c7520b9a5dc57f187e415cb8bc0158995ae,29019,0,2009-03-31JD
20-0903JD_CTDFinalQC.zip,20-0903JD_CTDFinalQC/db-csvs/20-0903JD_CTDBTL_001-071IU.csv,0903JD,final,U,11344018,4f5e325372fe5681cd60202ecaf08a8a155757643b73e2e7576ad52b53fc13c3,29081,0,2009-03-31JD
20-0907M2_CTDFinalQC.zip,20-0907M2_CTDFinalQC/db_csvs/20-0907M2_CTDBTL_001-961ID.csv,0907M2,final,D,24375487,ba972090a8681662338852ac761700bada251787b23c9169145b5141d410ab4a,54821,0,2009-07-33MH
20-0907M2_CTDFinalQC.zip,20-0907M2_CTDFinalQC/db_csvs/20-0907M2_CTDBTL_001-961IU.csv,0907M2,final,U,24463128,fe085394bb17700bc6cfd3385d1ae77606edc9506f62b92698c601e30db067c8,54961,0,2009-07-33MH
20-0911NH_CTDFinalQC.zip,20-0911NH_CTDFinalQC/db_csvs/20-0911NH_CTDBTL_001-075ID.csv,0911NH,final,D,16397055,acb6594afa282301b0fb40b1d46f8117d047d16665001164b67943abf8a94d7a,35989,0,2009-11-32NM
20-0911NH_CTDFinalQC.zip,20-0911NH_CTDFinalQC/db_csvs/20-0911NH_CTDBTL_001-075IU.csv,0911NH,final,U,16407307,7122e78b0259d11d6953972014a76d35e7eb2d39f476e636b9b739863d37c3c5,36099,0,2009-11-32NM
20-1001NH_CTDFinalQC.zip,20-1001NH_CTDFinalQC/db_csvs/20-1001NH_CTDBTL_001-093D.csv,1001NH,final,D,21728887,067d3b406b73324f5f5d8161817a711dff33cad3ad8e383f6a54d1e7660f5fe5,48764,0,2010-01-32NM
20-1001NH_CTDFinalQC.zip,20-1001NH_CTDFinalQC/db_csvs/20-1001NH_CTDBTL_001-093U.csv,1001NH,final,U,21762937,e99b46ad2b5ae5ffec854257c24a95571c62b91647eebca3b7ae3eb9df006f2f,48884,0,2010-01-32NM
20-1004MF_CTDFinalQC.zip,20-1004MF_CTDFinalQC/db_csvs/20-1004MF_CTDBTL_123-682ID.csv,1004MF,final,D,13202905,808cea3f31d70b97b3af11d297b05814406b497292b777c8633e6fa0bd02cb77,28900,0,2010-04-31FN
20-1004MF_CTDFinalQC.zip,20-1004MF_CTDFinalQC/db_csvs/20-1004MF_CTDBTL_123-682IU.csv,1004MF,final,U,13049641,92812e30421f80c63684a7fbb4551b49e779b96eebdb380cda91ee53b768f53d,28495,0,2010-04-31FN
20-1008NH_CTDFinalQC.zip,20-1008NH_CTDFinalQC/db_csvs/20-1008NH_CTDBTL_001-075ID.csv,1008NH,final,D,16499733,def12dee3ab176c858ebdf72169c8ee6b54fa3a80232e9f0d736e26e5dd561fa,36066,0,2010-08-32NM
20-1008NH_CTDFinalQC.zip,20-1008NH_CTDFinalQC/db_csvs/20-1008NH_CTDBTL_001-075IU.csv,1008NH,final,U,16534927,15d6cf8848e6386f1c46045ffb60050ed5781275957e0a2384b257097355dab4,36141,0,2010-08-32NM
20-1011NH_CTDFinalQC.zip,20-1011NH_CTDFinalQC/db_csvs/20-1011NH_CTDBTL_001-067ID.csv,1011NH,final,D,15232738,5cef55dc9ef2213002a4bf4d68bd9267c1ad300641374494e1959278e6ce2cb3,33302,0,2010-11-32NM
20-1011NH_CTDFinalQC.zip,20-1011NH_CTDFinalQC/db_csvs/20-1011NH_CTDBTL_001-067IU.csv,1011NH,final,U,15256586,e1d348fcd2bb49d9aad6ca63b8e3ec5315225f5e6097f1067ceaefdb5519ce7f,33357,0,2010-11-32NM
20-1101NH_CTDFinalQC.zip,20-1101NH_CTDFinalQC/db_csvs/20-1101NH_CTDBTL_001-106D.csv,1101NH,final,D,24102007,1dae6e10f32de70395163e4a2c6ec7abd2391d00c3934d235bbaebe3f60e35c9,52510,0,2011-01-32NM
20-1101NH_CTDFinalQC.zip,20-1101NH_CTDFinalQC/db_csvs/20-1101NH_CTDBTL_001-106U.csv,1101NH,final,U,24749482,ae66640f0a99ac853e366f44087e31f654e32ac8f974be72b3d276289c1f5b20,53969,0,2011-01-32NM
20-1104SH_CTDFinalQC.zip,20-1104SH_CTDFinalQC/db_csvs/20-1104SH_CTDBTL_037-114ID.csv,1104SH,final,D,12082009,2e871e3b4bf9782157c4f8a5082004a1bdca20f7084047771bea3efe110a378d,26151,0,2011-04-3322
20-1104SH_CTDFinalQC.zip,20-1104SH_CTDFinalQC/db_csvs/20-1104SH_CTDBTL_037-114IU.csv,1104SH,final,U,12307874,efd8f25d7f369314c01d848f3ee58d0d270520c797872191d9cb75590bf5d5a5,26640,0,2011-04-3322
20-1104SH_CTDFinalQC.zip,20-1104SH_CTDFinalQC/db_csvs/separate_runs/20-1104SH_CTDBTL_031-035ID.csv,1104SH,final,D,509558,82371e385ee406faaa244d23ecf330955d8c82d6c776fe0702a5e58ecda41678,1105,0,2011-04-3322
20-1104SH_CTDFinalQC.zip,20-1104SH_CTDFinalQC/db_csvs/separate_runs/20-1104SH_CTDBTL_031-035IU.csv,1104SH,final,U,512487,3ad9761fd8444b196680ea8b379a5b2e8525b6fcca72c92bce26ec0f3ad6e75b,1111,0,2011-04-3322
20-1104SH_CTDFinalQC.zip,20-1104SH_CTDFinalQC/db_csvs/separate_runs/20-1104SH_CTDBTL_031-114ID.csv,1104SH,final,D,12829446,350bd88561770c330f70b62ce5c9148ac5f3402b65f602d45cbbfc7afc1dece4,27775,0,2011-04-3322
20-1104SH_CTDFinalQC.zip,20-1104SH_CTDFinalQC/db_csvs/separate_runs/20-1104SH_CTDBTL_031-114IU.csv,1104SH,final,U,13058719,fda355998b9e272a2c7453ce59e5084b140398d046ae46811f395da476b0b2f0,28271,0,2011-04-3322
20-1104SH_CTDFinalQC.zip,20-1104SH_CTDFinalQC/db_csvs/separate_runs/20-1104SH_CTDBTL_036-036ID.csv,1104SH,final,D,239235,f74a0f1575ebbe22db7a03e9a467e37b18b66b320a1025de2e6c84b8692bde5e,519,0,2011-04-3322
20-1104SH_CTDFinalQC.zip,20-1104SH_CTDFinalQC/db_csvs/separate_runs/20-1104SH_CTDBTL_036-036IU.csv,1104SH,final,U,239714,ff662b6b9eb9530ffd358604c5d790288041972cb321f93377c4c0be02c75f72,520,0,2011-04-3322
20-1108NH_CTDFinalQC.zip,20-1108NH_CTDFinalQC/db_csvs/20-1108NH_CTDBTL_001-072ID.csv,1108NH,final,D,15330785,57d7e49856a62c3bbf8110c233cbb881c6c1ac0219f87471302b634d99837550,33007,0,2011-08-32NM
20-1108NH_CTDFinalQC.zip,20-1108NH_CTDFinalQC/db_csvs/20-1108NH_CTDBTL_001-072IU.csv,1108NH,final,U,15373776,0b2f746c8b8311e855d4ca73fd8452efec25ea511b0104489618593e781d41ab,33093,0,2011-08-32NM
20-1110NH_CTDFinalQC.zip,20-1110NH_CTDFinalQC/db_csv/20-1110NH_CTDBTL_001-666ID.csv,1110NH,final,D,16532664,7ecee46a40a15400bd7bcb1ec5e69beebad3f0e2bbf5d784fbd46c31adb2fead,36196,0,2011-10-32NM
20-1110NH_CTDFinalQC.zip,20-1110NH_CTDFinalQC/db_csv/20-1110NH_CTDBTL_001-666IU.csv,1110NH,final,U,16572957,9c22699b6b1d5cc155e6d0bf25de346d419c5228d1939cdd73de824eae21f626,36280,0,2011-10-32NM
20-1202NH_CTDFinalQC.zip,20-1202NH_CTDFinalQC/db_csvs/20-1202NH_CTDBTL_001-075D.csv,1202NH,final,D,15355340,1f70b9ee07735ab34d913a906f621374b45b28b9a2377bb5e609d8554ef38db8,33413,0,2012-02-32NM
20-1202NH_CTDFinalQC.zip,20-1202NH_CTDFinalQC/db_csvs/20-1202NH_CTDBTL_001-075U.csv,1202NH,final,U,15395187,8de9a44b0b113bf1f8fca192f45b183a1d19e14cf2c4322b6f1fe7ab07c1f3cf,33498,0,2012-02-32NM
20-1203SH_CTDFinalQC.zip,20-1203SH_CTDFinalQC/db_csvs/20-1203SH_CTDBTL_001-057D.csv,1203SH,final,D,11865043,c05a37729a6bfd0d5cf5f1d1379fb47df7ba3955018942eccc07b80674fff47c,25367,0,2012-03-3322
20-1203SH_CTDFinalQC.zip,20-1203SH_CTDFinalQC/db_csvs/20-1203SH_CTDBTL_001-057U.csv,1203SH,final,U,11893901,8989a6c75229112a22be04e670490c86e89253dc803f878cd64d2791ffe290c6,25428,0,2012-03-3322
20-1207OS_CTDFinalQC.zip,20-1207OS_CTDFinalQC/db_csvs/20-1207OS_CTDBTL_001-075D.csv,1207OS,final,D,13630923,0ee0381773bb06f68b4247dabe696413299cf12fc76d9e85a9aea0fa6ea05588,30002,0,2012-07-32I1
20-1207OS_CTDFinalQC.zip,20-1207OS_CTDFinalQC/db_csvs/20-1207OS_CTDBTL_001-075U.csv,1207OS,final,U,13683194,87838be12bdbee8b7f69e066776e9c01c0d2090880412e2a7a30e5a2079facea,30104,0,2012-07-32I1
20-1210NH_CTDFinalQC.zip,20-1210NH_CTDFinalQC/db_csv/20-1210NH_CTDBTL_001-075D.csv,1210NH,final,D,13349157,e9dfcbcfcbe228cd11b5a4c6d1842c3b8baa04c8b3ca87e8947f2f3d13a68f24,33114,191,2012-10-32NM
20-1210NH_CTDFinalQC.zip,20-1210NH_CTDFinalQC/db_csv/20-1210NH_CTDBTL_001-075U.csv,1210NH,final,U,13032968,08ac51e9985e9678fe54f24fd019848ec9f49167da5826d280b2789c26b66975,33200,192,2012-10-32NM
20-1301SH_CTDFinalQC.zip,20-1301SH_CTDFinalQC/db_csvs/20-1301SH_CTDBTL_001-090D.csv,1301SH,final,D,19017979,b50dd4d1ac83e35ea6267d178d4da88df60432c8a2035d38a4e42e5305b5ba6f,41523,0,2013-01-3322
20-1301SH_CTDFinalQC.zip,20-1301SH_CTDFinalQC/db_csvs/20-1301SH_CTDBTL_001-090U.csv,1301SH,final,U,19065029,2c7d3f425ee9fc7bb513fa3ccc90799c81acfbbb4e5cbee9280d931e0693677d,41625,0,2013-01-3322
20-1304SH_CTDFinalQC.zip,20-1304SH_CTDFinalQC/db_csv/20-1304SH_CTDBTL_001-109D.csv,1304SH,final,D,15144433,b3e71283d81084c56e42ff94f6240c313c465227ae3bd20a80812cf4478c2d47,33031,0,2013-04-3322
20-1304SH_CTDFinalQC.zip,20-1304SH_CTDFinalQC/db_csv/20-1304SH_CTDBTL_001-109U.csv,1304SH,final,U,15189071,0a5734d245705e122c39470085b2ec38ed9c268ad9f791c1a4442bd288c2c676,33125,0,2013-04-3322
20-1307NH_CTDFinalQC.zip,20-1307NH_CTDFinalQC/db_csv/20-1307NH_CTDBTL_001-074D.csv,1307NH,final,D,15295212,efb51736a8fac3bf93c0e6b4fad99eeb4b7d6ec8ca87d9f5be51e98051bcef0b,32892,0,2013-07-32NM
20-1307NH_CTDFinalQC.zip,20-1307NH_CTDFinalQC/db_csv/20-1307NH_CTDBTL_001-074U.csv,1307NH,final,U,15365451,ab185f3ee11fa641db320f5467ff034379b950c71de087bf7c282d9262ec918c,32969,0,2013-07-32NM
20-1311NH_CTDFinalQC.zip,20-1311NH_CTDFinalQC/db_csv/20-1311NH_CTDBTL_001-521D.csv,1311NH,final,D,16540243,b148115c8ba8bd3396ccccd064d3dcb99f1dbdc252e072c8f825310c2aa34dde,36067,0,2013-11-32NM
20-1311NH_CTDFinalQC.zip,20-1311NH_CTDFinalQC/db_csv/20-1311NH_CTDBTL_001-521U.csv,1311NH,final,U,16568588,880c6ced4adba2dab218c4fa21419be68e50e25fdc855ddd293499b8ccb46d6e,36142,0,2013-11-32NM
20-1402SH_CTDFinalQC.zip,20-1402SH_CTDFinalQC/db_csv/20-1402SH_CTDBTL_001-036D.csv,1402SH,final,D,6773102,63314e5fd6e59dc26f8a83786b027402f1141a0495a3022010db3b09738da68c,14637,0,2014-02-3322
20-1402SH_CTDFinalQC.zip,20-1402SH_CTDFinalQC/db_csv/20-1402SH_CTDBTL_001-036U.csv,1402SH,final,U,6791823,41da3adf598a2a450347d290a9d8ccb94d06d6cebf98dfe35a0c48de18780803,14676,0,2014-02-3322
20-1404OS_CTDFinalQC.zip,20-1404OS_CTDFinalQC/db_csv/20-1404OS_CTDBTL_001-070D.csv,1404OS,final,D,12559882,9bab627f74bd9f0f77eb8386517a48bab1fe50fcc5d0c9a55b57718ac7b90efe,27264,0,2014-04-32I1
20-1404OS_CTDFinalQC.zip,20-1404OS_CTDFinalQC/db_csv/20-1404OS_CTDBTL_001-070U.csv,1404OS,final,U,12590212,0e79e0b74ab677a0a1b78180df4dff5fcdcb98e54c6aafa3a3710b76040b7907,27330,0,2014-04-32I1
20-1407NH_CTDFinalQC.zip,20-1407NH_CTDFinalQC/db_csv/20-1407NH_CTDBTL_001-075D.csv,1407NH,final,D,15324215,e88ce812874f4455b520d6c1ebba620c1c915a8a453e9d424b6f6636258162df,33412,0,2014-07-32NM
20-1407NH_CTDFinalQC.zip,20-1407NH_CTDFinalQC/db_csv/20-1407NH_CTDBTL_001-075U.csv,1407NH,final,U,15365511,604df665151673779b3cdaf7a198a3ed70667cee4a7e872424b5c80c93ecbd3f,33498,0,2014-07-32NM
20-1411NH_CTDFinalQC.zip,20-1411NH_CTDFinalQC/db_csv/20-1411NH_CTDBTL_001-076D.csv,1411NH,final,D,15237222,5543267eceacc7ef63c0ea1af2daa5dd92effcc3287077ed5b90d8ce7ef658e2,33089,0,2014-11-32NM
20-1411NH_CTDFinalQC.zip,20-1411NH_CTDFinalQC/db_csv/20-1411NH_CTDBTL_001-076U.csv,1411NH,final,U,15278856,c9159349637f3bb1ea8f60ecd67ddbdf80611726911adbe0ec563b9476aa06f5,33180,0,2014-11-32NM
20-1501NH_CTDFinalQC.zip,20-1501NH_CTDFinalQC/db_csv/20-1501NH_CTDBTL_001-100D.csv,1501NH,final,D,16654238,1aea4a6004ba9f632d9f93442e885c5acaca69820ead3500b139a4fe52c88bb6,41713,0,2015-01-32NM
20-1501NH_CTDFinalQC.zip,20-1501NH_CTDFinalQC/db_csv/20-1501NH_CTDBTL_001-100U.csv,1501NH,final,U,16688742,b131e6430c05035470cc222fbf22d3130ce65fae0b00d2388ee53c11e4516fdc,41823,0,2015-01-32NM
20-1501NH_CTDFinalQC.zip,20-1501NH_CTDFinalQC/db_csv/dualTCO/20-1501NH_CTDBTL_001-064D.csv,1501NH,final,D,10015019,340641c45c2691036c6f8521ae3b449517462594557a26c162a6ccd6f669ba47,21953,0,2015-01-32NM
20-1501NH_CTDFinalQC.zip,20-1501NH_CTDFinalQC/db_csv/dualTCO/20-1501NH_CTDBTL_001-064U.csv,1501NH,final,U,10041805,2ab23429a93b1868ff6fec6bc91b39aa651aaf401b4e2ed7cbe715b3029c9dd3,22010,0,2015-01-32NM
20-1501NH_CTDFinalQC.zip,20-1501NH_CTDFinalQC/db_csv/singleTCO/20-1501NH_CTDBTL_004-100D.csv,1501NH,final,D,7199314,f95661fa4db8e74fd8b48300108517209638ca9d2752ae691f576c68f7b834db,19760,0,2015-01-32NM
20-1501NH_CTDFinalQC.zip,20-1501NH_CTDFinalQC/db_csv/singleTCO/20-1501NH_CTDBTL_004-100U.csv,1501NH,final,U,7214376,e69c27c327a9cdd460f930d71e6a26624f66fbe1ec2a2e9f93d75043bd3eafe9,19813,0,2015-01-32NM
20-1504NH_CTDFinalQC.zip,20-1504NH_CTDFinalQC/db_csvs/20-1504NH_CTDBTL_001-070D.csv,1504NH,final,D,12464541,6048db5652ce57e9935d22a25ea6f0500edd2910521d1131fb3ab78b8fb3ec77,27300,0,2015-04-32NM
20-1504NH_CTDFinalQC.zip,20-1504NH_CTDFinalQC/db_csvs/20-1504NH_CTDBTL_001-070U.csv,1504NH,final,U,12498706,84d29f20b8064ca4ae8b6d4035d967f9aeb1c404b0239371eb6c43a0fc591150,27378,0,2015-04-32NM
20-1507OC_CTDFinalQC.zip,20-1507OC_CTDFinalQC/db_csv/20-1507OC_CTDBTL_001-071D.csv,1507OC,final,D,12966328,ea7b92565e7dd6fc7aeabeb7ebe4ea46d587165376fc683a366193a4462a596a,28323,0,2015-07-32OC
20-1507OC_CTDFinalQC.zip,20-1507OC_CTDFinalQC/db_csv/20-1507OC_CTDBTL_001-071U.csv,1507OC,final,U,13006841,05d771fc7237c4c29984c612272681ef3695737fe7710689d4ef0bdbd6deeb38,28408,0,2015-07-32OC
20-1511OC_CTDFinalQC.zip,20-1511OC_CTDFinalQC/db_csvs/20-1511OC_CTDBTL_001-070D.csv,1511OC,final,D,13920508,dc30b07644be5bc7a4da948bba1da942fde4876a6b6cfa9f311824aac18c40a3,30736,0,2015-11-32OC
20-1511OC_CTDFinalQC.zip,20-1511OC_CTDFinalQC/db_csvs/20-1511OC_CTDBTL_001-070U.csv,1511OC,final,U,14204635,6512578bd93df71838e43c3d7d07d28f03f61dd41aebba0fbf87ebb74228284e,31337,0,2015-11-32OC
20-1601RL_CTDFinalQC.zip,20-1601RL_CTDFinalQC/db_csvs/20-1601RL_CTDBTL_001-104D.csv,1601RL,final,D,19395872,4a6ab6838f05c0128916262f8c3c6798466a5633a35e712a9e3bcd80c53f6e16,42972,0,2016-01-33UD
20-1601RL_CTDFinalQC.zip,20-1601RL_CTDFinalQC/db_csvs/20-1601RL_CTDBTL_001-104U.csv,1601RL,final,U,19442295,eb5eb2430937732194618d19731896c86bcaa225099d5da8e640fad447f519f8,43072,0,2016-01-33UD
20-1604SH_CTDFinalQC.zip,20-1604SH_CTDFinalQC/db_csvs/20-1604SH_CTDBTL_001-101D.csv,1604SH,final,D,18673511,6c8c4e8fc5fa6aaef21e54bd950c9eefb91c487f67f5efb19574c42345905de9,41393,0,2016-04-3322
20-1604SH_CTDFinalQC.zip,20-1604SH_CTDFinalQC/db_csvs/20-1604SH_CTDBTL_001-101U.csv,1604SH,final,U,18724386,08f515549d024b6fe6ee7caa7092a63c13a2f1fa5eb5e7fca5d36af76f9ade09,41511,0,2016-04-3322
20-1607OS_CTDFinalQC.zip,20-1607OS_CTDFinalQC/db_csvs/20-1607OS_CTDBTL_001-068D.csv,1607OS,final,D,12544083,2f692db5ca858d8584284dcfefd420bd25a392266c35c5b75fc85ea740c166d4,27305,0,2016-07-32I1
20-1607OS_CTDFinalQC.zip,20-1607OS_CTDFinalQC/db_csvs/20-1607OS_CTDBTL_001-068U.csv,1607OS,final,U,12575316,1d799129c840f3547f7b69c1c207c57f825736129f223566301d7cf3df124d0f,27363,0,2016-07-32I1
20-1611SR_CTDFinalQC.zip,20-1611SR_CTDFinalQC/db_csvs/20-1611SR_CTDBTL_001-075D.csv,1611SR,final,D,15213738,badee0b0c53d98d0d478e358f19536e3763daa54f46b5063c1ecc18e56812aae,32761,0,2016-11-33P4
20-1611SR_CTDFinalQC.zip,20-1611SR_CTDFinalQC/db_csvs/20-1611SR_CTDBTL_001-075U.csv,1611SR,final,U,15224860,298d84c6381c6e52544ded018d0e7456ad8c5b6a6fe355222320137af55efc97,32844,0,2016-11-33P4
20-1701RL_CTDFinalQC.zip,20-1701RL_CTDFinalQC/db_csvs/20-1701RL_CTDBTL_001-083D.csv,1701RL,final,D,14591896,faad91a2fe981ff97ce7a5389c720cab16b2f15bcfd55280da2c1f9e07014ca1,31986,0,2017-01-33UD
20-1701RL_CTDFinalQC.zip,20-1701RL_CTDFinalQC/db_csvs/20-1701RL_CTDBTL_001-083U.csv,1701RL,final,U,14635180,f0fddadfb0dd7e7fec79f874b0c0cb51e6e81c2f276774be023f517a80932949,32064,0,2017-01-33UD
20-1701RL_CTDFinalQC.zip,20-1701RL_CTDFinalQC/db_csvs/ISUS_separateRuns/20-1701RL_CTDBTL_001-020D.csv,1701RL,final,D,4105321,0d3b3594ddfca24b4ec73bdcceab8256b751950d3a9faf04bab2153ac37d1467,8886,0,2017-01-33UD
20-1701RL_CTDFinalQC.zip,20-1701RL_CTDFinalQC/db_csvs/ISUS_separateRuns/20-1701RL_CTDBTL_001-020U.csv,1701RL,final,U,4107824,a5c24184eb46c5d7ce330dbe7354c5b07f73fe5fa2ea38e4ede50653bda3e400,8891,0,2017-01-33UD
20-1701RL_CTDFinalQC.zip,20-1701RL_CTDFinalQC/db_csvs/ISUS_separateRuns/20-1701RL_CTDBTL_021-083D.csv,1701RL,final,D,10583465,8d072700ddf3a02af5dd7dc7a88a2652e27628185cf85cfb57d09a0ec4d98177,23100,0,2017-01-33UD
20-1701RL_CTDFinalQC.zip,20-1701RL_CTDFinalQC/db_csvs/ISUS_separateRuns/20-1701RL_CTDBTL_021-083U.csv,1701RL,final,U,10624342,e1b3528878a11d975e566bb8db9fb4a9c54b3efab3da9140391daca44f85c562,23173,0,2017-01-33UD
20-1704SH_CTDFinalQC.zip,20-1704SH_CTDFinalQC/db_csvs/20-1704SH_CTDBTL_001-104D.csv,1704SH,final,D,19984115,1bd78c94893e37941a0c5a28c7156bc842e67e2a249b0ba3c5abbd45865a1d74,42787,0,2017-04-3322
20-1704SH_CTDFinalQC.zip,20-1704SH_CTDFinalQC/db_csvs/20-1704SH_CTDBTL_001-104U.csv,1704SH,final,U,20052452,348f0c8b43012f1303092024577b2162666164ea84acb7dd5d078113ce97e7a4,42934,0,2017-04-3322
20-1704SH_CTDFinalQC.zip,20-1704SH_CTDFinalQC/db_csvs/separatelyProcessed/20-1704SH_CTDBTL_001-040D.csv,1704SH,final,D,7377365,9a3e893478f105da510f24e6e4ba532cd104c2f316ad9f60266fb9e8ea9bed0c,15783,0,2017-04-3322
20-1704SH_CTDFinalQC.zip,20-1704SH_CTDFinalQC/db_csvs/separatelyProcessed/20-1704SH_CTDBTL_001-040U.csv,1704SH,final,U,7403229,5c474b129b9a7838bc8a31f78bbb1ca93e71314c2ee040a0459ff16a1e04dac8,15838,0,2017-04-3322
20-1704SH_CTDFinalQC.zip,20-1704SH_CTDFinalQC/db_csvs/separatelyProcessed/20-1704SH_CTDBTL_041-104D.csv,1704SH,final,D,12607429,25aeb5b3d3ee2b8ffbeb177c15314ec9697ac69eb2e01303c9f4e583b8bea331,27004,0,2017-04-3322
20-1704SH_CTDFinalQC.zip,20-1704SH_CTDFinalQC/db_csvs/separatelyProcessed/20-1704SH_CTDBTL_041-104U.csv,1704SH,final,U,12649957,69e5e297d645b96fe4354f9ac58bd93be9ce63029deccef86dd2e4a908c23d93,27096,0,2017-04-3322
20-1708SR_CTDFinalQC.zip,20-1708SR_CTDFinalQC/db_csvs/20-1708SR_CTDBTL_001-073D.csv,1708SR,final,D,13306149,369b213d3276ac66a44df9710c4838dde71895c4e67faf3dcb98b77ec80bc908,29321,0,2017-08-33P4
20-1708SR_CTDFinalQC.zip,20-1708SR_CTDFinalQC/db_csvs/20-1708SR_CTDBTL_001-073U.csv,1708SR,final,U,13346921,bcc7768e5bb55cf75002917eb946068b0284171a6fed5a263090a4599f5db044,29414,0,2017-08-33P4
20-1711SR_CTDFinalQC.zip,20-1711SR_CTDFinalQC/db-csvs/20-1711SR_CTDBTL_001-074D.csv,1711SR,final,D,13770504,6731312110ebe8907aaf4f76a756bb51f4369f7550b5bc1691d8bfe7925c441f,29361,0,2017-11-33P4
20-1711SR_CTDFinalQC.zip,20-1711SR_CTDFinalQC/db-csvs/20-1711SR_CTDBTL_001-074U.csv,1711SR,final,U,13805530,d3a2f95da6cacd6beb852b8a9fa0a86cf5c7ee8f5d13efc8c453129e18d493e8,29434,0,2017-11-33P4
20-1802SH_CTDFinalQC.zip,20-1802SH_CTDFinalQC/db_csvs/20-1802SH_CTDBTL_001-045D.csv,1802SH,final,D,8851840,b3ab8be18e23c5138fcb678f178a23e34e6dfc5a0d99e78773b790803873689e,19394,0,2018-02-3322
20-1802SH_CTDFinalQC.zip,20-1802SH_CTDFinalQC/db_csvs/20-1802SH_CTDBTL_001-045U.csv,1802SH,final,U,8872964,b16a9f92afd8d029820f42ffae5c57dd079e0b2960884306a3b3f2401f82c172,19438,0,2018-02-3322
20-1804SH_CTDFinalQC.zip,20-1804SH_CTDFinalQC/db_csvs/20-1804SH_CTDBTL_001-103D.csv,1804SH,final,D,19783399,95b1ba0fdbb282f1579fce90cf6a120fd5571a63b3200ef9357dffd5eb7d797d,42284,0,2018-04-3322
20-1804SH_CTDFinalQC.zip,20-1804SH_CTDFinalQC/db_csvs/20-1804SH_CTDBTL_001-103U.csv,1804SH,final,U,19834769,980f7b8ba5ba55fb9183a101aa29e3b5e9b35ccf52c8a220c77378a9bc88a7b2,42394,0,2018-04-3322
20-1806SR_CTDFinalQC.zip,20-1806SR_CTDFinalQC/db_csvs/20-1806SR_CTDBTL_001-072D.csv,1806SR,final,D,13656408,01fec6e0bc5e787f36273d15c780a1d0c5ea7c28d1b77fc23da5a49088a80108,29930,0,2018-06-33P4
20-1806SR_CTDFinalQC.zip,20-1806SR_CTDFinalQC/db_csvs/20-1806SR_CTDBTL_001-072U.csv,1806SR,final,U,13695698,00a8422986d0712e295e5521448f06620ee8dbadbc40644ef3ce447b91a25b90,30008,0,2018-06-33P4
20-1810SR_CTDFinalQC.zip,20-1810SR_CTDFinalQC/db_csvs/20-1810SR_CTDBTL_001-074D.csv,1810SR,final,D,12682693,0751be2c0ff94a81d2ffdd47339064deab6fb9d1b225ac71d5d6d78a0f566011,29863,0,2018-10-33P4
20-1810SR_CTDFinalQC.zip,20-1810SR_CTDFinalQC/db_csvs/20-1810SR_CTDBTL_001-074U.csv,1810SR,final,U,12720310,06458e483b49266214bb635a6851ea07fb9dbf01bb59ac97c5975d5d1e0d20bb,29958,0,2018-10-33P4
20-1902RL_CTDFinalQC.zip,20-1902RL_CTDFinalQC/db_csvs/20-1902RL_CTDBTL_001-029D.csv,1902RL,final,D,5460948,a948ada2b604dbd49825afebe8108574e28d270d3cd3d86992543a5a2045ae32,11844,0,2019-02-33UD
20-1902RL_CTDFinalQC.zip,20-1902RL_CTDFinalQC/db_csvs/20-1902RL_CTDBTL_001-029U.csv,1902RL,final,U,5468593,86c8e078d9fdd0b4e39583a40b8ac71cc0a1cc9d8c4090ee655b6859d8d88696,11881,0,2019-02-33UD
20-1904RL_CTDFinalQC.zip,20-1904RL_CTDFinalQC/20-1904RL_FinalCTD/db_csvs/20-1904RL_CTDBTL_001-069D.csv,1904RL,final,D,12305611,5c2fedc4b9cc338a6d4aabc6ca97df95acc047a68f0992259123dc24844a790a,26826,0,2019-04-33UD
20-1904RL_CTDFinalQC.zip,20-1904RL_CTDFinalQC/20-1904RL_FinalCTD/db_csvs/20-1904RL_CTDBTL_001-069U.csv,1904RL,final,U,11594816,e1c29eafae7d999c55400d9c022f4a429a1fe6797950103159eeb9339b22d572,26919,0,2019-04-33UD
20-1907BH_CTDFinalQC.zip,20-1907BH_CTDFinalQC/db-csvs/20-1907BH_CTDBTL_001-070D.csv,1907BH,final,D,12743579,6ff76377cc52435f718e895e77bad8c6860fac5b732385b2db2b0880f340fe35,27817,0,2019-07-
20-1907BH_CTDFinalQC.zip,20-1907BH_CTDFinalQC/db-csvs/20-1907BH_CTDBTL_001-070U.csv,1907BH,final,U,12769599,7d4bcf675d2312f242bc4e2234f8cf7a2abdcadba893d6fadba8a6e24fdd8dc6,27894,0,2019-07-
20-1911OC_CTDFinalQC.zip,20-1911OC_CTDFinalQC/db-csvs/20-1911OC_CTDBTL_001-075D.csv,1911OC,final,D,13057011,384a814954a5975741d14db7c5560fd466712e9fab2a3a4d1ade9b1e94c9f5ba,29810,0,2019-11-32OC
20-1911OC_CTDFinalQC.zip,20-1911OC_CTDFinalQC/db-csvs/20-1911OC_CTDBTL_001-075U.csv,1911OC,final,U,13086198,e79f1890cbad92861477d09efee8bf57255ec933be2aa9191a358bcd57fef500,29883,53,2019-11-32OC
20-2001RL_CTDFinalQC.zip,20-2001RL_CTDFinalQC/db-csvs/20-2001RL_CTDBTL_001-104D.csv,2001RL,final,D,19583566,451f3f79fb1ac7d448dadc56c591552334743f17c8d508ffbee4f907d9a3bb26,42687,0,2020-01-33UD
20-2001RL_CTDFinalQC.zip,20-2001RL_CTDFinalQC/db-csvs/20-2001RL_CTDBTL_001-104U.csv,2001RL,final,U,19641988,3cdff835f85db9622f28fb12939c72bec8b528cd8c4711ae17e40f77355134ae,42815,0,2020-01-33UD
20-2007SR_CTDFinalQC.zip,20-2007SR_CTDFinalQC/20-2007SR_CTDFinalQC/db-csvs/20-2007SR_CTDBTL_001-075D.csv,2007SR,final,D,13611968,3e66c55781c9d5d0c613d44ef03c379e6dd6868c561a44465eb71c67d354c771,30071,0,2020-07-33P4
20-2007SR_CTDFinalQC.zip,20-2007SR_CTDFinalQC/20-2007SR_CTDFinalQC/db-csvs/20-2007SR_CTDBTL_001-075U.csv,2007SR,final,U,13781618,d54f263b186c1d724c98b2b36439dc52248ac9adb67c9d5f104d2cfe9f330093,30456,0,2020-07-33P4
20-2010SR_CTDFinalQC.zip,20-2010SR_CTDFinalQC/20-2010SR_CTDFinalQC/20-2010SR_CTDFinalQC/db-csvs/20-2010SR_CTDBTL_001-071D.csv,2010SR,final,D,12701257,10fca6a2cc1721499da24ef4270c6f17ff0765e639ff95293a3a742fd8b1bc7f,27732,0,2020-10-33P4
20-2010SR_CTDFinalQC.zip,20-2010SR_CTDFinalQC/20-2010SR_CTDFinalQC/20-2010SR_CTDFinalQC/db-csvs/20-2010SR_CTDBTL_001-071U.csv,2010SR,final,U,12713505,745e7341140ad8495ef4906191737e9e2f113965996e389b2027210c327007ac,27780,0,2020-10-33P4
20-2101RL_CTDFinalQC.zip,20-2101RL_CTDFinalQC/20-2101RL_CTDFinalQC/db-csvs/20-2101RL_CTDBTL_001-078D.csv,2101RL,final,D,14138567,269ddf527d52034116eb7622ab4b48c3a9851c1183b8fee4be49bc2723900dfd,30965,0,2021-01-33UD
20-2101RL_CTDFinalQC.zip,20-2101RL_CTDFinalQC/20-2101RL_CTDFinalQC/db-csvs/20-2101RL_CTDBTL_001-078U.csv,2101RL,final,U,14129533,4627ea1feaeaee77410d8b5bc7073e4d1b8a670b3d87572c3e1f346e4516d412,30948,0,2021-01-33UD
20-2105SH_CTDFinalQC.zip,20-2105SH_CTDFinalQC/20-2105SH_CTDFinalQC/db-csvs/20-2105SH_CTDBTL_001-044D.csv,2105SH,final,D,7833992,c91afd4a8bd90cea3b7657d34de919f546bcb7098fe483cf3d1731c619a72209,18718,0,2021-05-3322
20-2105SH_CTDFinalQC.zip,20-2105SH_CTDFinalQC/20-2105SH_CTDFinalQC/db-csvs/20-2105SH_CTDBTL_001-044U.csv,2105SH,final,U,7838501,8cdb8e4ef9960174c1da8978c9a6486fc163167c8becbbc780d36a0b034de003,18733,0,2021-05-3322
20-2107SR_CTDPrelim.zip,20-2107SR_CTDPrelim/csvs-plots/20-2107SR_CTDBTL_001-071D.csv,2107SR,preliminary_with_bottle,D,12200681,a043d03ef186a18565f40197a9029174618981c28aa56630f561dd2140eb5330,28782,0,2021-07-33P4
20-2107SR_CTDPrelim.zip,20-2107SR_CTDPrelim/csvs-plots/20-2107SR_CTDBTL_001-071U.csv,2107SR,preliminary_with_bottle,U,12210686,e80132626a70ea54107d7c98e0721d057ac648292a01fae258da2a9b8b0053a2,28815,0,2021-07-33P4
20-2107SR_CTDPrelim.zip,20-2107SR_CTDPrelim/db-csvs/20-2107SR_CTDBTL_001-071D.csv,2107SR,preliminary_with_bottle,D,12200681,a043d03ef186a18565f40197a9029174618981c28aa56630f561dd2140eb5330,28782,0,2021-07-33P4
20-2107SR_CTDPrelim.zip,20-2107SR_CTDPrelim/db-csvs/20-2107SR_CTDBTL_001-071U.csv,2107SR,preliminary_with_bottle,U,12210686,e80132626a70ea54107d7c98e0721d057ac648292a01fae258da2a9b8b0053a2,28815,0,2021-07-33P4
20-2111SR_CTDPrelim.zip,20-2111SR_CTDPrelim/20-2111SRCTDPrelim/csvs-plots/20-2111SR_CTDBTL_001-075D.csv,2111SR,preliminary_with_bottle,D,12847142,f425b27bd5515841eb71705d70e856eff2f39b926b1f738e980b8328ff30b1a2,30078,0,2021-11-33P4
20-2111SR_CTDPrelim.zip,20-2111SR_CTDPrelim/20-2111SRCTDPrelim/csvs-plots/20-2111SR_CTDBTL_001-075U.csv,2111SR,preliminary_with_bottle,U,12871648,8bda0b348995ddaec94a0b0850b70bdb39a11013b9cb886f504a0c0ec411a63b,30134,0,2021-11-33P4
20-2204SH_CTDPrelim.zip,20-2204SH_CTDPrelim/csvs-plots/20-2204SH_CTDBTL_001-101D.csv,2204SH,preliminary_with_bottle,D,16542953,16cad1d9662636941ab9912bf49c1c74b67f0f08e7e18699ba3cb578575a3262,40815,0,2022-04-3322
20-2204SH_CTDPrelim.zip,20-2204SH_CTDPrelim/csvs-plots/20-2204SH_CTDBTL_001-101U.csv,2204SH,preliminary_with_bottle,U,16590876,6ad36f43ae959175bce2cb719e265af4e3f785ef1c1b4977d15cee973f9bb485,40937,0,2022-04-3322
20-2204SH_CTDPrelim.zip,20-2204SH_CTDPrelim/db-csvs/20-2204SH_CTDBTL_001-101D.csv,2204SH,preliminary_with_bottle,D,17601448,5a0e8feccc7577d40fdda97d4396673e086fd2b0c681783fc342577100e414e8,40815,0,2022-04-3322
20-2204SH_CTDPrelim.zip,20-2204SH_CTDPrelim/db-csvs/20-2204SH_CTDBTL_001-101U.csv,2204SH,preliminary_with_bottle,U,17656194,654a45eade4003f0793bd75c8f72111a688ac396095d6579052a1b2cd3413a25,40937,0,2022-04-3322
20-2208BH_CTDPrelim.zip,20-2208BH_CTDPrelim/db-csvs/20-2208BH_CTDBTL_001-067D.csv,2208BH,preliminary_with_bottle,D,9014650,d1f9f2935c073e2eed81761346904235ad0510c774c30593b30fb31d42bc8ec2,20904,0,2022-08-39C2
20-2208BH_CTDPrelim.zip,20-2208BH_CTDPrelim/db-csvs/20-2208BH_CTDBTL_001-067U.csv,2208BH,preliminary_with_bottle,U,9031196,3066c07e4560a8777d08661bf7515a2b680b55d2d08ea84facd59ed2033d0be2,20944,0,2022-08-39C2
20-2211SR_CTDPrelim.zip,20-2211SR_CTDPrelim/db-csvs/20-2211_CTDBTL_001-073D.csv,2211SR,preliminary_with_bottle,D,11284192,335e02885680227178318a6142b960165af5a638dc9328bb978ee7b19186225e,29293,1039,2022-11-33P4
20-2211SR_CTDPrelim.zip,20-2211SR_CTDPrelim/db-csvs/20-2211_CTDBTL_001-073U.csv,2211SR,preliminary_with_bottle,U,11319154,af6460252b0812019de23376ee78df9d8fad51763267e092ac230b5d99822f16,29387,0,2022-11-33P4
20-2301RL_CTDPrelim.zip,20-2301RL_CTDPrelim/db-csvs/20-2301RL_CTDBTL_001-072D.csv,2301RL,preliminary_with_bottle,D,12667676,76e98521f561b0801f2b731c289976d7120a0ef50f845b079a0b6d970f387954,28812,0,2023-01-33UD
20-2301RL_CTDPrelim.zip,20-2301RL_CTDPrelim/db-csvs/20-2301RL_CTDBTL_001-072U.csv,2301RL,preliminary_with_bottle,U,12758464,2ecf17067d0ee13ef094faa84a63d77f85cc4720d8abb14fc8bfd8deb0ccfb5f,29005,0,2023-01-33UD
20-2304SH_CTDPrelim.zip,20-2304SH_CTDPrelim/db-csvs/20-2304SH_CTDBTL_001-114D.csv,2304SH,preliminary_with_bottle,D,20320310,b6bf18a6be7782f8e6e555fd932a3016196b7a760680d032d73f5c17d44fca3c,46129,0,2023-04-3322
20-2304SH_CTDPrelim.zip,20-2304SH_CTDPrelim/db-csvs/20-2304SH_CTDBTL_001-114U.csv,2304SH,preliminary_with_bottle,U,20411457,6c95c9ed2e2548e951b3e98b740f5735cc10fbe3699a97a6801452c37a338afc,46327,0,2023-04-3322
20-2307SR_CTDPrelim.zip,20-2307SR_CTDPrelim/db-csvs/20-2307SR_CTDBTL_001-056D.csv,2307SR,preliminary_with_bottle,D,9551846,236bb468152bbfaae28851291dee19da9f4b9e5063c2d1a2d62f225dda128bab,24096,0,2023-07-33P4
20-2307SR_CTDPrelim.zip,20-2307SR_CTDPrelim/db-csvs/20-2307SR_CTDBTL_001-056U.csv,2307SR,preliminary_with_bottle,U,9572224,42c5485457397f5e6a0f525d539fc682aaa046a9abf6c5fd432a68befacb64a8,24162,0,2023-07-33P4
20-2307SR_CTDPrelim.zip,20-2307SR_CTDPrelim/db-csvs/20-2307SR_CTDBTL_057-069D.csv,2307SR,preliminary_with_bottle,D,1319116,14a1c550ae1f281efc12b4cf52d424f6939d7b31afcbcd080a268a00a78f0012,3642,0,2023-07-33P4
20-2307SR_CTDPrelim.zip,20-2307SR_CTDPrelim/db-csvs/20-2307SR_CTDBTL_057-069U.csv,2307SR,preliminary_with_bottle,U,1320914,6a1b4a4839ecac222c256d5a3855c31acc7b6439f503065cdad6ad70db34e722,3647,0,2023-07-33P4
20-2311SR_CTDPrelim.zip,20-2311SR_CTDPrelim/db-csvs/20-2311SR_CTDBTL_001-050D.csv,2311SR,preliminary_with_bottle,D,16711468,2456280eadf95936300a060c3330d46478689e6fcef78a3b559b78917b69fef7,38758,0,2023-11-33P4
20-2311SR_CTDPrelim.zip,20-2311SR_CTDPrelim/db-csvs/20-2311SR_CTDBTL_001-050U.csv,2311SR,preliminary_with_bottle,U,16395576,8eff60ca76f1461cf5ace78887e3fe19626983ce5e332018580934683a7ad434,37936,0,2023-11-33P4
20-2311SR_CTDPrelim.zip,20-2311SR_CTDPrelim/db-csvs/20-2311SR_CTDBTL_051-075D.csv,2311SR,preliminary_with_bottle,D,3643159,63381d875ff053b2db54325eeac7adfe7ea1c1f0e45043bb163d39462757921f,8409,0,2023-11-33P4
20-2311SR_CTDPrelim.zip,20-2311SR_CTDPrelim/db-csvs/20-2311SR_CTDBTL_051-075U.csv,2311SR,preliminary_with_bottle,U,3656727,b59c8cfa8c1fc786ec5ffb72103a237f70a1ca172e6fe373acce1fb0282fd093,8440,0,2023-11-33P4
20-2401RL_CTDPrelim.zip,20-2401RL_CTDPrelim/20-2401RL_CTDPrelim/db_csvs/20-2401RL_CTDBTL_001-016D.csv,2401RL,preliminary_with_bottle,D,3055052,59dcff3ac687eed1f3206b2debe34223ee622ffa1e48bbf7d1919823aec0b359,7263,0,2024-01-33UD
20-2401RL_CTDPrelim.zip,20-2401RL_CTDPrelim/20-2401RL_CTDPrelim/db_csvs/20-2401RL_CTDBTL_001-016U.csv,2401RL,preliminary_with_bottle,U,3064409,d836f529bf9cf5ad8f4d161c606a1ddc5731dac8b85cc53cc097e4bbb94fcb6a,7285,0,2024-01-33UD
20-2401RL_CTDPrelim.zip,20-2401RL_CTDPrelim/20-2401RL_CTDPrelim/db_csvs/20-2401RL_CTDBTL_017-033D.csv,2401RL,preliminary_with_bottle,D,2742090,7ec035e9bf2382cb2ef4d6ea4a3920eef3d793efc874c0f18a8bddc50edd102a,6167,0,2024-01-33UD
20-2401RL_CTDPrelim.zip,20-2401RL_CTDPrelim/20-2401RL_CTDPrelim/db_csvs/20-2401RL_CTDBTL_017-033U.csv,2401RL,preliminary_with_bottle,U,2750575,75d266b85f50f65892a5f5f2b3250cc28fa07c0a8bf7d924548994fbc6333842,6190,0,2024-01-33UD
20-2401RL_CTDPrelim.zip,20-2401RL_CTDPrelim/20-2401RL_CTDPrelim/metadata/20-2401RL_CTDBTL_001-016D.csv,2401RL,preliminary_with_bottle,D,3055052,59dcff3ac687eed1f3206b2debe34223ee622ffa1e48bbf7d1919823aec0b359,7263,0,2024-01-33UD
20-2401RL_CTDPrelim.zip,20-2401RL_CTDPrelim/20-2401RL_CTDPrelim/metadata/20-2401RL_CTDBTL_001-016U.csv,2401RL,preliminary_with_bottle,U,3064409,d836f529bf9cf5ad8f4d161c606a1ddc5731dac8b85cc53cc097e4bbb94fcb6a,7285,0,2024-01-33UD
20-2401RL_CTDPrelim.zip,20-2401RL_CTDPrelim/20-2401RL_CTDPrelim/metadata/20-2401RL_CTDBTL_017-033D.csv,2401RL,preliminary_with_bottle,D,2742090,7ec035e9bf2382cb2ef4d6ea4a3920eef3d793efc874c0f18a8bddc50edd102a,6167,0,2024-01-33UD
20-2401RL_CTDPrelim.zip,20-2401RL_CTDPrelim/20-2401RL_CTDPrelim/metadata/20-2401RL_CTDBTL_017-033U.csv,2401RL,preliminary_with_bottle,U,2750575,75d266b85f50f65892a5f5f2b3250cc28fa07c0a8bf7d924548994fbc6333842,6190,0,2024-01-33UD
20-2404SH_CTDPrelim.zip,20-2404SH_CTDPrelim/db-csvs/20-2404SH_CTDBTL_001-116D.csv,2404SH,preliminary_with_bottle,D,19622651,ff39697098086731f8c621ec92a8f8f3d1089b230aed3593e642cece1e992013,47269,0,2024-04-3322
20-2404SH_CTDPrelim.zip,20-2404SH_CTDPrelim/db-csvs/20-2404SH_CTDBTL_001-116U.csv,2404SH,preliminary_with_bottle,U,19428739,ebb8df861a1bf99c9a744ae6df6d0adc0f7086bd40f104ce4f5da72a3cf64fd2,46806,0,2024-04-3322
20-2408SR_CTDPrelim.zip,20-2408SR_CTDPrelim/db-csvs/20-2408SR_CTDBTL_001-075D.csv,2408SR,preliminary_with_bottle,D,13318058,a593809c8ee0abc7f827a84ca3feea496005bc86e233881e822963fbd36b5543,29882,0,2024-08-33P4
20-2408SR_CTDPrelim.zip,20-2408SR_CTDPrelim/db-csvs/20-2408SR_CTDBTL_001-075U.csv,2408SR,preliminary_with_bottle,U,13344897,37e9743367d59e1df85c77a4b58a27ac33d9e17dc7b50f94a74056dfd9f046c7,29942,0,2024-08-33P4
20-2408SR_CTDPrelim.zip,20-2408SR_CTDPrelim/metadata/20-2408SR_CTDBTL_001-075D.csv,2408SR,preliminary_with_bottle,D,13318058,a593809c8ee0abc7f827a84ca3feea496005bc86e233881e822963fbd36b5543,29882,0,2024-08-33P4
20-2408SR_CTDPrelim.zip,20-2408SR_CTDPrelim/metadata/20-2408SR_CTDBTL_001-075U.csv,2408SR,preliminary_with_bottle,U,13344897,37e9743367d59e1df85c77a4b58a27ac33d9e17dc7b50f94a74056dfd9f046c7,29942,0,2024-08-33P4
20-2411SR_CTDPrelim.zip,20-2411SR_CTDPrelim/db-csvs/20-2411SR_CTDBTL_001-048D.csv,2411SR,preliminary_with_bottle,D,7829914,f6379e0cfd0a8421945ed282690c4fdceda7f5c2a091503ce01b2e31915d4d1e,17900,0,2024-11-33P4
20-2411SR_CTDPrelim.zip,20-2411SR_CTDPrelim/db-csvs/20-2411SR_CTDBTL_001-048U.csv,2411SR,preliminary_with_bottle,U,7844401,41b2b92e0f0d2b0a16e32f3eb4c88999cca8c0fa939ddb969272073b0f49f586,17942,0,2024-11-33P4
20-2411SR_CTDPrelim.zip,20-2411SR_CTDPrelim/metadata/20-2411SR_CTDBTL_001-048U.csv,2411SR,preliminary_with_bottle,U,7844401,41b2b92e0f0d2b0a16e32f3eb4c88999cca8c0fa939ddb969272073b0f49f586,17942,0,2024-11-33P4
20-2501RL_CTDPrelim.zip,20-2501RL_CTDPrelim/db-csvs/20-2501RL_CTDBTL_001-116D.csv,2501RL,preliminary_with_bottle,D,20592134,99e2b70622b04146f169e863c32404df34d19de6789689b2bc39e048e0032dc5,47391,0,2025-01-33UD
20-2501RL_CTDPrelim.zip,20-2501RL_CTDPrelim/db-csvs/20-2501RL_CTDBTL_001-116U.csv,2501RL,preliminary_with_bottle,U,20613056,6a853868fd19dccc1d412d25e6976ac7766a32947df18e7bdcf4d5ef26a2d279,47442,0,2025-01-33UD
20-2501RL_CTDPrelim.zip,20-2501RL_CTDPrelim/metadata/20-2501RL_CTDBTL_001-116D.csv,2501RL,preliminary_with_bottle,D,20592134,99e2b70622b04146f169e863c32404df34d19de6789689b2bc39e048e0032dc5,47391,0,2025-01-33UD
20-2501RL_CTDPrelim.zip,20-2501RL_CTDPrelim/metadata/20-2501RL_CTDBTL_001-116U.csv,2501RL,preliminary_with_bottle,U,20613056,6a853868fd19dccc1d412d25e6976ac7766a32947df18e7bdcf4d5ef26a2d279,47442,0,2025-01-33UD
20-2502RL_CTDPrelim.zip,20-2502RL_CTDPrelim/db-csvs/20-2502RL_CTDBTL_001-003D.csv,2502RL,preliminary_with_bottle,D,456762,1446799f7f250d9cb6d55e5c9130574ffbd0db65a875c27f2220d635c2d1cdee,1265,0,2025-02-33UD
20-2502RL_CTDPrelim.zip,20-2502RL_CTDPrelim/db-csvs/20-2502RL_CTDBTL_001-003U.csv,2502RL,preliminary_with_bottle,U,457267,a54415724680994f93df6c126e110de2db1b5fb5fedf799febca844f2427a21e,1266,0,2025-02-33UD
20-2502RL_CTDPrelim.zip,20-2502RL_CTDPrelim/metadata/20-2502RL_CTDBTL_001-003D.csv,2502RL,preliminary_with_bottle,D,456762,1446799f7f250d9cb6d55e5c9130574ffbd0db65a875c27f2220d635c2d1cdee,1265,0,2025-02-33UD
20-2502RL_CTDPrelim.zip,20-2502RL_CTDPrelim/metadata/20-2502RL_CTDBTL_001-003U.csv,2502RL,preliminary_with_bottle,U,457267,a54415724680994f93df6c126e110de2db1b5fb5fedf799febca844f2427a21e,1266,0,2025-02-33UD
20-2504SH_CTDPrelim.zip,20-2504SH_CTDPrelim/db-csvs/20-2504SH_CTDBTL_001-116D.csv,2504SH,preliminary_with_bottle,D,20281174,c61aa40bfa0e487d08671dfc806324f6494cdab186d4ec44da53ca6d695821ee,45897,0,2025-04-3322
20-2504SH_CTDPrelim.zip,20-2504SH_CTDPrelim/db-csvs/20-2504SH_CTDBTL_001-116U.csv,2504SH,preliminary_with_bottle,U,20345497,abb29a987c41f85e948bb0f6c3d7d49204b0261f44c90f8c5022cc9fc37be5a4,45982,0,2025-04-3322
20-2504SH_CTDPrelim.zip,20-2504SH_CTDPrelim/metadata/20-2504SH_CTDBTL_001-116D.csv,2504SH,preliminary_with_bottle,D,20281174,c61aa40bfa0e487d08671dfc806324f6494cdab186d4ec44da53ca6d695821ee,45897,0,2025-04-3322
20-2504SH_CTDPrelim.zip,20-2504SH_CTDPrelim/metadata/20-2504SH_CTDBTL_001-116U.csv,2504SH,preliminary_with_bottle,U,20345497,abb29a987c41f85e948bb0f6c3d7d49204b0261f44c90f8c5022cc9fc37be5a4,45982,0,2025-04-3322
20-2507SR_CTDPrelim.zip,20-2507SR_CTDPrelim/20-2507_CTD_001-055D.csv,2507SR,preliminary_without_bottle,D,8189653,871f74dbdb2d749dab1ac2babde4a4b0436fedfeca686d4d6ef94079bb19712f,22441,0,2025-07-33P4
20-2507SR_CTDPrelim.zip,20-2507SR_CTDPrelim/20-2507_CTD_001-055U.csv,2507SR,preliminary_without_bottle,U,8203227,5eb76fb02b1da22991dc3b125b42374d6c6e36d51c58c534bef3ef3bff704cc4,22473,0,2025-07-33P4
20-2511SR_CTDPrelim.zip,20-2511SR_CTDPrelim/20-2511_CTD_001-047D.csv,2511SR,preliminary_without_bottle,D,6210469,aa5350567ab044d0f90230104eb7b1ac2ac228cab866a71b34150e80b0916a0c,17948,0,2025-11-33P4
20-2511SR_CTDPrelim.zip,20-2511SR_CTDPrelim/20-2511_CTD_001-047U.csv,2511SR,preliminary_without_bottle,U,6223124,be2a7451e53cecbe6694c773ccb03d66eab761e49af96f72cfc2f2e47274c213,17977,0,2025-11-33P4
20-2601RL_CTDPrelim.zip,20-2601RL_CTDPrelim/20-2601_CTD_001-116D.csv,2601RL,preliminary_without_bottle,D,16030924,4db1dee302504b665eff25707077dd2012ff2ad8764eff41ed9504e5b97b15b0,47665,0,2026-01-33UD
20-2601RL_CTDPrelim.zip,20-2601RL_CTDPrelim/20-2601_CTD_001-116U.csv,2601RL,preliminary_without_bottle,U,16055582,017726cc8aa248e60cfdf2c9e0d03e737c4a70eb9f5d8f2f4e31f9223966563a,47723,0,2026-01-33UD
20-2604SH_CTDPrelim.zip,20-2604SH_CTDPrelim/20-2604_CTD_001-112D.csv,2604SH,preliminary_without_bottle,D,15247157,30b45211a4028ea04a162f38e4565c70ff5cef616bb8dfc29ddb34ebbdceddc3,45389,0,2026-04-3322
20-2604SH_CTDPrelim.zip,20-2604SH_CTDPrelim/20-2604_CTD_001-112U.csv,2604SH,preliminary_without_bottle,U,15262408,46f4bc96c681457574d77e3d388a35f13314c0e27890e9162cdbe84c60b04476,45435,0,2026-04-3322
20-2607SH_CTDPrelim.zip,20-2607SH_CTDPrelim/20-2607_CTD_001-072D.csv,2607SH,preliminary_without_bottle,D,10418681,537737170c1555f501ad0cc2448d17cd1585be6fce01f204f16e687e580daa4b,28479,0,2026-07-3322
20-2607SH_CTDPrelim.zip,20-2607SH_CTDPrelim/20-2607_CTD_001-072U.csv,2607SH,preliminary_without_bottle,U,10433626,9d5ec1ecd8b23462b1d0e3e1f6512504a0fa3342d1516b23ff977efb803121d6,28514,0,2026-07-3322
19-9308NH_CTDFinalDB.zip,19-9308NH_CTDFinalDB/19-9308NH_CTDBTL_001-066ID.csv,9308NH,final,D,12244927,093d5c64a4e53734d506283c2b6c5ad221654765b662f2d41fa3a7670f84536f,29661,0,1993-08-32NM
19-9308NH_CTDFinalDB.zip,19-9308NH_CTDFinalDB/19-9308NH_CTDBTL_001-066IU.csv,9308NH,final,U,12269418,fc903aa0f1542d0061ccb03b047085befabf68ffbed8cc94df89705f0c06d7c8,29729,0,1993-08-32NM
19-9310NH_CTDFinalDB.zip,19-9310NH_CTDFinalDB/19-9310NH_CTDBTL_001-066D.csv,9310NH,final,D,12412618,5858d41f562c70f248be1f2c6a40f1c603c154c90f7be2bc561f24b89b46581a,30335,0,1993-10-32NM
19-9310NH_CTDFinalDB.zip,19-9310NH_CTDFinalDB/19-9310NH_CTDBTL_001-066U.csv,9310NH,final,U,12432371,16c8775446b3cc11f2203364536c990dec66b8e350499fe592595f9aad94401c,30394,0,1993-10-32NM
19-9401JD_CTDFinalDB.zip,19-9401JD_CTDFinalDB/19-9401JD_CTDBTL_001-066D.csv,9401JD,final,D,12784090,ef42b72c61fbd743348c98923267835548a56782ccc94dc6125ccaf74b36a66f,31262,0,1994-01-31JD
19-9401JD_CTDFinalDB.zip,19-9401JD_CTDFinalDB/19-9401JD_CTDBTL_001-066ID.csv,9401JD,final,D,12900045,9e9c881425635e6468f31ef6d9858828aa1fb937f0ffcb9a7f272197a7715561,31262,0,1994-01-31JD
19-9401JD_CTDFinalDB.zip,19-9401JD_CTDFinalDB/19-9401JD_CTDBTL_001-066IU.csv,9401JD,final,U,12917624,976e57984015def69a08c8b8b60491ff225f59a8e52f491a01fe7a4667764648,31316,0,1994-01-31JD
19-9401JD_CTDFinalDB.zip,19-9401JD_CTDFinalDB/19-9401JD_CTDBTL_001-066U.csv,9401JD,final,U,12801397,0b80f2bed99fcd98ce951cc560bcef395fb6cc1818c8a3bfe953883ba126fc4c,31316,0,1994-01-31JD
19-9403JD_CTDFinalDB.zip,19-9403JD_CTDFinalDB/19-9403JD_CTDBTL_001-066D.csv,9403JD,final,D,12109387,a70ef8da8fe81c107b55119d3c8d421672e172230c0255877aabbb3e860cf52b,29587,0,1994-03-31JD
19-9403JD_CTDFinalDB.zip,19-9403JD_CTDFinalDB/19-9403JD_CTDBTL_001-066ID.csv,9403JD,final,D,12219381,4724359bfe4586d83ab57a8e89a98769e2a7a78eff8b5d2464bb7d878641e703,29587,0,1994-03-31JD
19-9403JD_CTDFinalDB.zip,19-9403JD_CTDFinalDB/19-9403JD_CTDBTL_001-066IU.csv,9403JD,final,U,12236244,1308ca8e622c773b7783b128a311e96b69076b7757862b97f348492c1335146d,29638,0,1994-03-31JD
19-9403JD_CTDFinalDB.zip,19-9403JD_CTDFinalDB/19-9403JD_CTDBTL_001-066U.csv,9403JD,final,U,12125969,5f8f9fbbdd589115a88e3a745507e0457f92f969f2b0531c232fff1cd191ea61,29638,0,1994-03-31JD
19-9408NH_CTDFinalDB.zip,19-9408NH_CTDFinalDB/19-9408NH_CTDBTL_001-066D.csv,9408NH,final,D,15408270,9fe2d4e8cd7e6fb1fb46ab7fddd6684b6064a69fea95adfb68fcbe2abb622adb,37816,0,1994-08-32NM
19-9408NH_CTDFinalDB.zip,19-9408NH_CTDFinalDB/19-9408NH_CTDBTL_001-066U.csv,9408NH,final,U,15427459,dc64d0183b53b404610cf5a750e852e0e2018025eedbbcdb9aa834c2cb51c61e,37876,0,1994-08-32NM
19-9410NH_CTDFinalDB.zip,19-9410NH_CTDFinalDB/19-9410NH_CTDBTL_001-066D.csv,9410NH,final,D,12169107,df007998272982100d46ff6e65b54149e048bd551d9c55070fb438bb068223a8,29665,0,1994-10-32NM
19-9410NH_CTDFinalDB.zip,19-9410NH_CTDFinalDB/19-9410NH_CTDBTL_001-066U.csv,9410NH,final,U,12180635,55af82438df4347c36603834b8016dcce184a939580bafa58cd406f4e37e1465,29706,0,1994-10-32NM
19-9501JD_CTDFinalDB.zip,19-9501JD_CTDFinalDB/19-9501JD_CTDBTL_001-646D.csv,9501JD,final,D,12254953,a75abdd666dcd89acf1010340c0d450a9366bd26f658f322645d5dbecdbce6bb,29910,0,1995-01-31JD
19-9501JD_CTDFinalDB.zip,19-9501JD_CTDFinalDB/19-9501JD_CTDBTL_001-646U.csv,9501JD,final,U,12290489,b136b97f3a1a0fc4600e3f80a1d14bbcefd1940bdb2204b6bc638fcfbc17b2fb,29984,0,1995-01-31JD
19-9504NH_CTDFinalDB.zip,19-9504NH_CTDFinalDB/19-9504NH_CTDBTL_001-061D.csv,9504NH,final,D,11071005,df9064bfce626263a7172316ac0763560ec67f604f0326ef6afe7b40b03482c8,26987,1,1995-04-32NM
19-9504NH_CTDFinalDB.zip,19-9504NH_CTDFinalDB/19-9504NH_CTDBTL_001-061ID.csv,9504NH,final,D,11171142,06da63dc4514da0965c824dc273d3977fb589b38ccae69c71228d69e4950f5c8,26987,1,1995-04-32NM
19-9504NH_CTDFinalDB.zip,19-9504NH_CTDFinalDB/19-9504NH_CTDBTL_001-061IU.csv,9504NH,final,U,11191657,834e9fa4669bfdbc967fff867a408a651ef9f83f9e8558a0a96e94dfe59ed9fe,27048,1,1995-04-32NM
19-9504NH_CTDFinalDB.zip,19-9504NH_CTDFinalDB/19-9504NH_CTDBTL_001-061U.csv,9504NH,final,U,11091222,e5dd382e58b32905c8d3059a5abd5023e1098e12b124c30e3d1bfd2279e2e8ef,27048,1,1995-04-32NM
19-9507JD_CTDFinalDB.zip,19-9507JD_CTDFinalDB/19-9507JD_CTDBTL_001-066D.csv,9507JD,final,D,11838911,39472b7e77f2fea430ffd384d8c567eeb676e27224db1b53df4e1c8ffe6d9dc3,28880,0,1995-07-31JD
19-9507JD_CTDFinalDB.zip,19-9507JD_CTDFinalDB/19-9507JD_CTDBTL_001-066U.csv,9507JD,final,U,11859647,6fbe342d641f0d69364ccdc59ed0b31602d43e3ff762951704a33f4dadbe89ed,28939,0,1995-07-31JD
19-9510NH_CTDFinalDB.zip,19-9510NH_CTDFinalDB/19-9510NH_CTDBTL_001-066D.csv,9510NH,final,D,12170662,a5f070659c42bf9f903e2294bf7cec9a06b7ecfc07c500cb805eedb324743025,29681,1,1995-10-32NM
19-9510NH_CTDFinalDB.zip,19-9510NH_CTDFinalDB/19-9510NH_CTDBTL_001-066ID.csv,9510NH,final,D,12280246,91c556c2f0f2a441ab2b671041ded62d265d71656216799a562b00b7525772e8,29681,1,1995-10-32NM
19-9510NH_CTDFinalDB.zip,19-9510NH_CTDFinalDB/19-9510NH_CTDBTL_001-066IU.csv,9510NH,final,U,12302583,2f816e8dae9b062f3e09ad1ad09095d3a24a480fcc0a458488b89ab017f72746,29741,1,1995-10-32NM
19-9510NH_CTDFinalDB.zip,19-9510NH_CTDFinalDB/19-9510NH_CTDBTL_001-066U.csv,9510NH,final,U,12192757,781fd9f0639ebbaa42cafc6a9cacc4b6f596646cc02fc6f8cfeb90f01bdfb52d,29741,1,1995-10-32NM
19-9602JD_CTDFinalDB.zip,19-9602JD_CTDFinalDB/19-9602JD_CTDBTL_001-066D.csv,9602JD,final,D,12067775,177ec114e98aa15ff7ddc27a55a863b0d01b3178e657a6132263b40d2d0e3794,29445,0,1996-02-31JD
19-9602JD_CTDFinalDB.zip,19-9602JD_CTDFinalDB/19-9602JD_CTDBTL_001-066U.csv,9602JD,final,U,12103144,13b364f1e0e1a1f4a93c6cabfaf0cf37163986e82960d6cabf20c28d46aba8f6,29518,0,1996-02-31JD
19-9604JD_CTDFinalDB.zip,19-9604JD_CTDFinalDB/19-9604JD_CTDBTL_001-064D.csv,9604JD,final,D,11743137,d8beb6b0c5a6d46c4d716064f05ca3d21cdf743f8431748a224f92eb6876b357,28640,0,1996-04-31JD
19-9604JD_CTDFinalDB.zip,19-9604JD_CTDFinalDB/19-9604JD_CTDBTL_001-064U.csv,9604JD,final,U,11769015,330aced62c15ad220779f7728e7092ecdadd6c23e18b1cd54d3d092a28034df4,28713,0,1996-04-31JD
19-9608NH_CTDFinalDB.zip,19-9608NH_CTDFinalDB/19-9608NH_CTDBTL_001-066D.csv,9608NH,final,D,12186733,b7231edd508d1577ff8e8ac2c941ad036ae20491992669e4e2d351885b4a535f,29731,0,1996-08-32NM
19-9608NH_CTDFinalDB.zip,19-9608NH_CTDFinalDB/19-9608NH_CTDBTL_001-066U.csv,9608NH,final,U,12213800,e2e6d067c693fbe167b7ded34bddcd59c17c52836651f9c8262b840eb572634e,29798,0,1996-08-32NM
19-9610RR_CTDFinalDB.zip,19-9610RR_CTDFinalDB/19-9610RR_CTDBTL_001-066D.csv,9610RR,final,D,12099285,66b5dfdecf66b68d2cb8ad39625a0f6f06e0b33c7689a9fb4763e64f78ae5c9e,29499,0,1996-10-33RR
19-9610RR_CTDFinalDB.zip,19-9610RR_CTDFinalDB/19-9610RR_CTDBTL_001-066U.csv,9610RR,final,U,12124976,123d31c9600b7011be3fb690bfe834d117ab25ccb3258bc61300d253ff7eff71,29564,0,1996-10-33RR
19-9702JD_CTDFinalDB.zip,19-9702JD_CTDFinalDB/19-9702NH_CTDBTL_001-070D.csv,9702JD,final,D,12799502,d0bbcfcff5d7a303477ea03ba3e91ae35507c162460fdced0be0e8958e087427,31245,0,1997-02-31JD
19-9702JD_CTDFinalDB.zip,19-9702JD_CTDFinalDB/19-9702NH_CTDBTL_001-070U.csv,9702JD,final,U,12836398,a7a699c6c404a44283a58aa3ab3abbff36064ce07c29f36e0ffa4e1476838eb7,31320,0,1997-02-31JD
19-9704NH_CTDFinalDB.zip,19-9704NH_CTDFinalDB/19-9704NH_CTDBTL_001-762D.csv,9704NH,final,D,12614843,16188c18591faf3a0e15b465ca0c9c0744281c0945fc054793098e5ae85761da,30898,0,1997-04-32NM
19-9704NH_CTDFinalDB.zip,19-9704NH_CTDFinalDB/19-9704NH_CTDBTL_001-762U.csv,9704NH,final,U,12641791,d3148f924b1f235920f8d8381e813d9c11b003267122fa5fd9690625f0ebeb95,30957,0,1997-04-32NM
19-9707JD_CTDFinalDB.zip,19-9707JD_CTDFinalDB/19-9707JD_CTDBTL_001-066D.csv,9707JD,final,D,12099860,cca4360c03939a168c3ef6fb74f1efdf2c8a82677d0a851275a89360fbcbfe7f,29504,2,1997-07-31JD
19-9707JD_CTDFinalDB.zip,19-9707JD_CTDFinalDB/19-9707JD_CTDBTL_001-066U.csv,9707JD,final,U,12122138,afe459ac7faa8d85828f854ddba1ce6ef34cbd3edb05224e6867e2f51cffeb4a,29567,2,1997-07-31JD
19-9709NH_CTDFinalDB.zip,19-9709NH_CTDFinalDB/19-9709NH_CTDBTL_001-659D.csv,9709NH,final,D,11367417,5bed6a935c9b1e088b485eaf7a54e5275dc2a9da4734f6124d0591db92b525b3,27755,0,1997-09-32NM
19-9709NH_CTDFinalDB.zip,19-9709NH_CTDFinalDB/19-9709NH_CTDBTL_001-659U.csv,9709NH,final,U,11381045,d5e031682b9e45f65f74110c004e6f2849c13456431bed3bb09f297f2db276b3,27796,0,1997-09-32NM
19-9712SP_CTDFinalDB.zip,19-9712SP_CTDFinalDB/19-9712SP_CTDBTL_001-009D.csv,9712SP,final,D,1635705,ace281a90c7a2caaaf154db7c9f19a0171ffa5784b1f11d25e048bf5bcf76e41,3984,0,1997-12-32QU
19-9712SP_CTDFinalDB.zip,19-9712SP_CTDFinalDB/19-9712SP_CTDBTL_001-009U.csv,9712SP,final,U,1638281,39045ff00e3260f4e9e2114b7776e4e21cf0094c1c75e26330357f7caf0cbea3,3989,0,1997-12-32QU
19-9802JD_CTDFinalQC.zip,19-9802JD_CTDFinalQC/db_csv/19-9802JD_CTDBTL_001-066D.csv,9802JD,final,D,9753616,e78b4fc53b762b9a4c722d8a75aeef7e286a817df87da5856faf3e0853e6de65,29462,1,1998-02-31JD
19-9802JD_CTDFinalQC.zip,19-9802JD_CTDFinalQC/db_csv/19-9802JD_CTDBTL_001-066U.csv,9802JD,final,U,9779589,0edf225c069211584aa969b0cfa417fdea824177598b709df4bc3d6d3e97c17a,29543,1,1998-02-31JD
19-9803SP_CTDFinalDB.zip,19-9803SP_CTDFinalDB/19-9803SP_CTDBTL_001-016D.csv,9803SP,final,D,2574376,122aeef16c6d1c6a33ffb92322f14bede5c4a7607385f96be325b43e18330b79,6356,460,1998-03-32QU
19-9803SP_CTDFinalDB.zip,19-9803SP_CTDFinalDB/19-9803SP_CTDBTL_001-016U.csv,9803SP,final,U,2577667,5ba53351ee3b611d5f784ad24f74c5edb59ee038ede25f432d3936fd8b9937ca,6365,460,1998-03-32QU
19-9804JD_CTDFinalQC.zip,19-9804JD_CTDFinalQC/db_csv/19-9804JD_CTDBTL_001-085D.csv,9804JD,final,D,12221137,a1d7fa39ca1cd4acc00f1a89f54fa281cb3181a0421142c68a4df4767f7c6d49,37830,0,1998-04-31JD
19-9804JD_CTDFinalQC.zip,19-9804JD_CTDFinalQC/db_csv/19-9804JD_CTDBTL_001-085U.csv,9804JD,final,U,12251062,66f98389325267b24c9a75eaffa06f19d2184d3880e6e39ec50726eaa0e7872a,37921,0,1998-04-31JD
19-9804JD_CTDFinalQC.zip,19-9804JD_CTDFinalQC/db_csv/separate/20-9804JD_CTDBTL_001-050D.csv,9804JD,final,D,6902811,c1b30b8aff802854d217e024cdc0be05a72418fb8429ddc2bf73e928ce656522,22219,0,1998-04-31JD
19-9804JD_CTDFinalQC.zip,19-9804JD_CTDFinalQC/db_csv/separate/20-9804JD_CTDBTL_001-050U.csv,9804JD,final,U,6920253,8d4a433402b477977dbe6d04c155cb1a829613bd2fde8a78ae7c9b8f366be423,22275,0,1998-04-31JD
19-9804JD_CTDFinalQC.zip,19-9804JD_CTDFinalQC/db_csv/separate/20-9804JD_CTDBTL_051-085D.csv,9804JD,final,D,4853848,b13012f6cabc0278169a5ee28595401bd6fe66416dfb138893fee49fdf4b32a8,15611,0,1998-04-31JD
19-9804JD_CTDFinalQC.zip,19-9804JD_CTDFinalQC/db_csv/separate/20-9804JD_CTDBTL_051-085U.csv,9804JD,final,U,4865310,c59a63e86a1edac253eb4f71276d1fc9f2151375c6a72d0e560c9fa966fe50e4,15646,0,1998-04-31JD
19-9805SP_CTDFinalDB.zip,19-9805SP_CTDFinalDB/19-9805SP_CTDBTL_001-019D.csv,9805SP,final,D,3153977,394de78323af502cef7d5a7bc665b0b08ca76f6dfca82e98ed512c974cc7445c,7912,1,1998-05-32QU
19-9805SP_CTDFinalDB.zip,19-9805SP_CTDFinalDB/19-9805SP_CTDBTL_001-019U.csv,9805SP,final,U,3159253,27bab86d44ef4356864141ba22cc223b851e1258d2f3a123e09b895243d713f0,7921,1,1998-05-32QU
19-9806SP_CTDFinalDB.zip,19-9806SP_CTDFinalDB/19-9806SP_CTDBTL_001-020D.csv,9806SP,final,D,3392611,0aa83ba6c1ce230f752a30d312d38747eae547a0d31a1c8ddece3ed3b882bdf8,8375,0,1998-06-32QU
19-9806SP_CTDFinalDB.zip,19-9806SP_CTDFinalDB/19-9806SP_CTDBTL_001-020U.csv,9806SP,final,U,3398331,a1f5c5cde03d9a4d977d7324a4feb4c3f9737b33e72af4b28a350614acd04db3,8390,0,1998-06-32QU
19-9807NH_CTDFinalQC.zip,19-9807NH_CTDFinalQC/db_csv/20-9807NH_CTDBTL_001-070D.csv,9807NH,final,D,11608341,ed1a8b3eec5153bd8b858a067b79e732bc51675b4c4eea611d93eb7f996ce8a1,32087,0,1998-07-32NM
19-9807NH_CTDFinalQC.zip,19-9807NH_CTDFinalQC/db_csv/20-9807NH_CTDBTL_001-070U.csv,9807NH,final,U,11621309,f9a41e9b851bfecc36d69865718655fa3a2dd642be1c2dc2ea424a60d6ef9cc1,32130,0,1998-07-32NM
19-9808SP_CTDFinalDB.zip,19-9808SP_CTDFinalDB/19-9808SP_CTDBTL_001-020D.csv,9808SP,final,D,3529128,e88a2459d652e1f00ffb6c492365fbc96af7fe9fec741e10e6d9e1c996d50cef,8438,0,1998-08-32QU
19-9808SP_CTDFinalDB.zip,19-9808SP_CTDFinalDB/19-9808SP_CTDBTL_001-020U.csv,9808SP,final,U,3535390,453ff7c39b18a462fe37d7244aa21d25f5d7adb1091b07e23d3d0c218ef62b97,8455,0,1998-08-32QU
19-9809NH_CTDFinalDB.zip,19-9809NH_CTDFinalDB/19-9809NH_CTDBTL_001-066ID.csv,9809NH,final,D,12748004,5cdf63add487eaeb25c7d076e68a9e1b7586e8464312deec5820a37351152419,29719,0,1998-09-32NM
19-9809NH_CTDFinalDB.zip,19-9809NH_CTDFinalDB/19-9809NH_CTDBTL_001-066IU.csv,9809NH,final,U,12524477,dd0934585e06b8d5825e2b80550bafa45f930274511f7490d49c20b5a5451e0f,29208,0,1998-09-32NM
19-9810SP_CTDFinalDB.zip,19-9810SP_CTDFinalDB/19-9810SP_CTDBTL_001-019ID.csv,9810SP,final,D,3315194,d892e747b1cbf3e035c1113d99a18d92c16a9b7d9d7b8954a801a71cb6d6fb4a,7746,0,1998-10-32QU
19-9810SP_CTDFinalDB.zip,19-9810SP_CTDFinalDB/19-9810SP_CTDBTL_001-019IU.csv,9810SP,final,U,3324052,1cb84506749e6793f853fb2de9a74bb708511e36b117870991ef9b77dfa7faef,7758,0,1998-10-32QU
19-9811SP_CTDFinalDB.zip,19-9811SP_CTDFinalDB/19-9811SP_CTDBTL_001-020ID.csv,9811SP,final,D,3588889,0a6ab6151630ec797b442697371909b35e7e18ef28767e748ff9442f560db368,8388,0,1998-11-32QU
19-9811SP_CTDFinalDB.zip,19-9811SP_CTDFinalDB/19-9811SP_CTDBTL_001-020IU.csv,9811SP,final,U,3596733,829a2fbb16efdf21162c7ddd7fcecaed9ad9eefdd643395a3b4e6753b2fa77c5,8398,0,1998-11-32QU
19-9812SP_CTDFinalDB.zip,19-9812SP_CTDFinalDB/19-9812SP_CTDBTL_001-016ID.csv,9812SP,final,D,2748658,1f24f029479bbff7c0455ba4a03274adf243c132509c9099908b1064dc2f07ad,6434,0,1998-12-32QU
19-9812SP_CTDFinalDB.zip,19-9812SP_CTDFinalDB/19-9812SP_CTDBTL_001-016IU.csv,9812SP,final,U,2676616,fb2fa65b06e769bd16e89328703135f13836b3187f2652d92e8db16e14a2f9b8,6269,0,1998-12-32QU
19-9901RR_CTDFinalDB.zip,19-9901RR_CTDFinalDB/19-9901RR_CTDBTL_001-072D.csv,9901RR,final,D,13321100,ccb9fb3aad76330964fca0a6f8736f3d1220eb6a149436c4b6547958df223455,29556,0,1999-01-33RR
19-9901RR_CTDFinalDB.zip,19-9901RR_CTDFinalDB/19-9901RR_CTDBTL_001-072U.csv,9901RR,final,U,13344600,b28a4f129a2199fb15b867556eee2babfc36dbfa77a49c6794ae0cf30a0adfc9,29633,0,1999-01-33RR
19-9904JD_CTDFinalDB.zip,19-9904JD_CTDFinalDB/19-9904JD_CTDBTL_001-066D.csv,9904JD,final,D,12421033,c4a332d9ef4f0f9bb25fa96489094944376e15e9a13b8597ee516624c333e8a7,29383,0,1999-04-31JD
19-9904JD_CTDFinalDB.zip,19-9904JD_CTDFinalDB/19-9904JD_CTDBTL_001-066U.csv,9904JD,final,U,12443642,319e33c9613201fc96cf9931b5526dbecd494446c5af278ee33dba21343609fb,29447,0,1999-04-31JD
19-9908NH_CTDFinalDB.zip,19-9908NH_CTDFinalDB/19-9908NH_CTDBTL_001-071D.csv,9908NH,final,D,15086916,f67183ea7ce890d19741ad92dc4a2d697925a832523af5079f1f1e96bb8198a7,36223,0,1999-08-32NM
19-9908NH_CTDFinalDB.zip,19-9908NH_CTDFinalDB/19-9908NH_CTDBTL_001-071U.csv,9908NH,final,U,15100132,ea989853085109c5acce1b9a3b1f2f16fbb870b7e7d7fdec87f8430ee412d586,36276,0,1999-08-32NM
19-9910NH_CTDFinalDB.zip,19-9910NH_CTDFinalDB/19-9910NH_CTDBTL_001-637D.csv,9910NH,final,D,13863221,0c8ea5edf5d2c5e51b084bb69bfdaf512f2db5e3cb39d18351f78630e96b6663,32755,0,1999-10-32NM
19-9910NH_CTDFinalDB.zip,19-9910NH_CTDFinalDB/19-9910NH_CTDBTL_001-637U.csv,9910NH,final,U,13878430,3e8c679b60392e4464ab26a5cdf3432cbe251d9948b3f9a5fd7f7aadf6c48baa,32808,0,1999-10-32NM
19-9910NH_CTDFinalQC.zip,19-9910NH_CTDFinalQC/db-csvs/19-9910NH_CTDBTL_001-637D.csv,9910NH,final,D,13863221,0c8ea5edf5d2c5e51b084bb69bfdaf512f2db5e3cb39d18351f78630e96b6663,32755,0,1999-10-32NM
19-9910NH_CTDFinalQC.zip,19-9910NH_CTDFinalQC/db-csvs/19-9910NH_CTDBTL_001-637U.csv,9910NH,final,U,13878430,3e8c679b60392e4464ab26a5cdf3432cbe251d9948b3f9a5fd7f7aadf6c48baa,32808,0,1999-10-32NM
19-9910NH_CTDFinalQC.zip,19-9910NH_CTDFinalQC/db-csvs/orig-csvs/19-9910NH_CTDBTL_001-028ID.csv,9910NH,final,D,5707457,d58910c7f5e968334d4870b699fdec945bc49d7eaa29a366148b43e3637c5e19,13307,0,1999-10-32NM
19-9910NH_CTDFinalQC.zip,19-9910NH_CTDFinalQC/db-csvs/orig-csvs/19-9910NH_CTDBTL_001-028IU.csv,9910NH,final,U,5712410,0e2904d2105bcd67555357e9bbeed8eaa268a952cc75e21005298c8a69f9aa25,13326,0,1999-10-32NM
19-9910NH_CTDFinalQC.zip,19-9910NH_CTDFinalQC/db-csvs/orig-csvs/19-9910NH_CTDBTL_029-637ID.csv,9910NH,final,D,5128708,ab40a707826e259ca81d89e2de83b8cbd5dab721c27a37db2fb40696591b3c28,12232,0,1999-10-32NM
19-9910NH_CTDFinalQC.zip,19-9910NH_CTDFinalQC/db-csvs/orig-csvs/19-9910NH_CTDBTL_029-637IU.csv,9910NH,final,U,5134324,719b2c4ae9ce9592c0007c48eab175047af55189eceb5aeca7c676723999e5af,12253,0,1999-10-32NM
19-9910NH_CTDFinalQC.zip,19-9910NH_CTDFinalQC/db-csvs/orig-csvs/19-9910NH_CTDBTL_053-055ID.csv,9910NH,final,D,486154,d5a2515fa930929018f8326635fe3a4f81a8120403b6f50735ce759a200e8d9e,1150,0,1999-10-32NM
19-9910NH_CTDFinalQC.zip,19-9910NH_CTDFinalQC/db-csvs/orig-csvs/19-9910NH_CTDBTL_053-055IU.csv,9910NH,final,U,488965,e39bc0a1982cb1043fdf1b4232dacef6b3f0726ece19590894d419fe77de9ce8,1156,0,1999-10-32NM
19-9910NH_CTDFinalQC.zip,19-9910NH_CTDFinalQC/db-csvs/orig-csvs/19-9910NH_CTDBTL_058-072ID.csv,9910NH,final,D,2540329,1349701b046ce0c0df83bbe6742c4e30a57509d2d1c829d3d41fbef9c523fc4d,6066,0,1999-10-32NM
19-9910NH_CTDFinalQC.zip,19-9910NH_CTDFinalQC/db-csvs/orig-csvs/19-9910NH_CTDBTL_058-072IU.csv,9910NH,final,U,2542134,495b05edca729f32c6a00bb49c3aa5677c89d210a6a754b6d6c52bbde90211be,6073,0,1999-10-32NM
