"taxon_key","scientific_name","common_name","candidates_en","n_candidates_en","source","checked_date","notes"
"itis:158852","Chordata",,,0,,"2026-08-14",
"itis:174466","Gaviiformes",,,0,,"2026-08-14",
"itis:174467","Gaviidae",,"divers | loons",2,"worms","2026-08-14","multiple English vernaculars - pick one"
"itis:174468","Gavia",,,0,,"2026-08-14",
"itis:174476","Podicipediformes",,,0,,"2026-08-14",
"itis:174477","Podicipedidae","grebes","grebes",1,"worms","2026-08-14",
"itis:174478","Podiceps",,,0,,"2026-08-14",
"itis:174502","Aechmophorus",,,0,,"2026-08-14",
"itis:174512","Procellariiformes",,,0,,"2026-08-14",
"itis:174513","Diomedeidae","albatrosses","albatrosses",1,"worms","2026-08-14",
"itis:174532","Procellariidae",,"fulmars | petrels & prions | shearwaters",3,"worms","2026-08-14","multiple English vernaculars - pick one"
"itis:174535","Fulmarus",,,0,,"2026-08-14",
"itis:174543","Puffinus",,,0,,"2026-08-14",
"itis:174566","Pterodroma",,,0,,"2026-08-14",
"itis:174609","Procellaria",,,0,,"2026-08-14",
"itis:174619","Hydrobatidae","storm petrels","storm petrels",1,"worms","2026-08-14",
"itis:174649","Oceanites",,,0,,"2026-08-14",
"itis:174662","Hydrobates",,,0,,"2026-08-14",
"itis:174670","Pelecaniformes",,,0,,"2026-08-14",
"itis:174671","Phaethontidae","tropicbirds","tropicbirds",1,"worms","2026-08-14",
"itis:174672","Phaethon",,,0,,"2026-08-14",
"itis:174682","Pelecanidae","pelicans","pelicans",1,"worms","2026-08-14",
"itis:174683","Pelecanus",,,0,,"2026-08-14",
"itis:174696","Sulidae","gannets & boobies","gannets & boobies",1,"worms","2026-08-14",
"itis:174697","Sula","gannets and boobies","gannets and boobies",1,"worms","2026-08-14",
"itis:174713","Phalacrocoracidae","cormorants","cormorants",1,"worms","2026-08-14",
"itis:174982","Anseriformes",,,0,,"2026-08-14",
"itis:174983","Anatidae","swans, geese & ducks","swans, geese & ducks",1,"worms","2026-08-14",
"itis:174998","Branta",,,0,,"2026-08-14",
"itis:175162","Melanitta",,,0,,"2026-08-14",
"itis:175262","Falconiformes",,,0,,"2026-08-14",
"itis:175589","Pandion",,,0,,"2026-08-14",
"itis:175593","Falconidae","falcons","falcons",1,"worms","2026-08-14",
"itis:175598","Falco",,,0,,"2026-08-14",
"itis:176445","Charadriiformes",,,0,,"2026-08-14",
"itis:176568","Scolopacidae",,"sandpipers | sandpipers, snipe & phalaropes",2,"worms","2026-08-14","multiple English vernaculars - pick one"
"itis:176569","Arenaria",,,0,,"2026-08-14",
"itis:176733","Phalaropus",,,0,,"2026-08-14",
"itis:176790","Stercorariidae","skuas","skuas",1,"worms","2026-08-14",
"itis:176791","Stercorarius",,,0,,"2026-08-14",
"itis:176802","Laridae","gulls","gulls",1,"worms","2026-08-14",
"itis:176805","Xema",,,0,,"2026-08-14",
"itis:176806","Rissa",,,0,,"2026-08-14",
"itis:176811","Larus glaucoides","Iceland gull","Iceland gull",1,"worms","2026-08-14",
"itis:176885","Sterna",,,0,,"2026-08-14",
"itis:176928","Thalasseus","crested terns","crested terns",1,"worms","2026-08-14",
"itis:176934","Hydroprogne",,,0,,"2026-08-14",
"itis:176940","Anous",,,0,,"2026-08-14",
"itis:176967","Alcidae","auks","auks",1,"worms","2026-08-14",
"itis:176973","Uria",,,0,,"2026-08-14",
"itis:176984","Cepphus",,,0,,"2026-08-14",
"itis:176995","Brachyramphus",,,0,,"2026-08-14",
"itis:177012","Ptychoramphus",,,0,,"2026-08-14",
"itis:177018","Aethia",,,0,,"2026-08-14",
"itis:177022","Cerorhinca",,,0,,"2026-08-14",
"itis:177024","Fratercula",,,0,,"2026-08-14",
"itis:202423","Animalia","animals","animals",1,"worms","2026-08-14",
"itis:331030","Vertebrata","vertebrates","vertebrates",1,"worms","2026-08-14",
"itis:553521","Phoebastria",,,0,,"2026-08-14",
"itis:823961","Accipitriformes",,,0,,"2026-08-14",
"itis:823978","Chroicocephalus",,,0,,"2026-08-14",
"itis:823984","Leucophaeus",,,0,,"2026-08-14",
"itis:823995","Sternula",,,0,,"2026-08-14",
"itis:914181","Tetrapoda",,,0,,"2026-08-14",
"worms:1","Biota",,,0,,"2026-08-14",
"worms:10193","Elasmobranchii",,,0,,"2026-08-14",
"worms:10194","Actinopterygii","ray-finned fishes","ray-finned fishes",1,"worms","2026-08-14",
"worms:10215","Torpediniformes",,,0,,"2026-08-14",
"worms:10292","Elopiformes",,,0,,"2026-08-14",
"worms:10297","Clupeiformes",,,0,,"2026-08-14",
"worms:10304","Osmeriformes","smelts","smelts",1,"worms","2026-08-14",
"worms:10306","Stomiiformes",,,0,,"2026-08-14",
"worms:10308","Aulopiformes",,,0,,"2026-08-14",
"worms:10309","Myctophiformes",,,0,,"2026-08-14",
"worms:10310","Lampriformes",,,0,,"2026-08-14",
"worms:10313","Gadiformes",,,0,,"2026-08-14",
"worms:10314","Ophidiiformes",,,0,,"2026-08-14",
"worms:10315","Batrachoidiformes",,,0,,"2026-08-14",
"worms:10316","Lophiiformes",,,0,,"2026-08-14",
"worms:10317","Gobiesociformes",,,0,,"2026-08-14",
"worms:10318","Atheriniformes",,,0,,"2026-08-14",
"worms:10320","Beloniformes",,,0,,"2026-08-14",
"worms:10322","Beryciformes",,,0,,"2026-08-14",
"worms:10327","Syngnathiformes",,,0,,"2026-08-14",
"worms:10331","Pleuronectiformes",,,0,,"2026-08-14",
"worms:10332","Tetraodontiformes",,,0,,"2026-08-14",
"worms:104075","Aetideidae",,,0,,"2026-08-14",
"worms:104079","Calanidae",,,0,,"2026-08-14",
"worms:104080","Candaciidae",,,0,,"2026-08-14",
"worms:104085","Eucalanidae",,,0,,"2026-08-14",
"worms:104086","Euchaetidae",,,0,,"2026-08-14",
"worms:104087","Heterorhabdidae",,,0,,"2026-08-14",
"worms:104088","Lucicutiidae",,,0,,"2026-08-14",
"worms:104092","Metridinidae",,,0,,"2026-08-14",
"worms:104097","Pontellidae",,,0,,"2026-08-14",
"worms:104103","Scolecitrichidae",,,0,,"2026-08-14",
"worms:105718","Torpedinidae","electric rays","electric rays",1,"worms","2026-08-14",
"worms:1057247","Euthyneura",,,0,,"2026-08-14",
"worms:1057250","Tectipleura",,,0,,"2026-08-14",
"worms:106422","Oithonidae",,,0,,"2026-08-14",
"worms:1065","Arthropoda","arthropods","arthropods",1,"worms","2026-08-14",
"worms:106669","Dendrobranchiata","prawns","prawns",1,"worms","2026-08-14",
"worms:106670","Pleocyemata",,,0,,"2026-08-14",
"worms:106671","Anomura",,"hermit crabs | porcelain crabs | squat lobsters",3,"worms","2026-08-14","multiple English vernaculars - pick one"
"worms:106673","Brachyura","crabs","crabs",1,"worms","2026-08-14",
"worms:106674","Caridea","shrimps","shrimps",1,"worms","2026-08-14",
"worms:106679","Eubrachyura",,,0,,"2026-08-14",
"worms:106680","Heterotremata",,,0,,"2026-08-14",
"worms:106684","Sergestoidea",,,0,,"2026-08-14",
"worms:106685","Galatheoidea","squat lobsters","squat lobsters",1,"worms","2026-08-14",
"worms:106695","Cancroidea",,,0,,"2026-08-14",
"worms:106717","Pasiphaeoidea",,,0,,"2026-08-14",
"worms:106733","Galatheidae","squat lobsters","squat lobsters",1,"worms","2026-08-14",
"worms:106749","Cancridae",,"edible crabs | rock crabs",2,"worms","2026-08-14","multiple English vernaculars - pick one"
"worms:106790","Pasiphaeidae","glass shrimps","glass shrimps",1,"worms","2026-08-14",
"worms:107060","Panulirus",,,0,,"2026-08-14",
"worms:1071","Malacostraca",,,0,,"2026-08-14",
"worms:1078","Ostracoda",,"mussel shrimp | ostracods | seed shrimps",3,"worms","2026-08-14","multiple English vernaculars - pick one"
"worms:1080","Copepoda","copepods","copepods",1,"worms","2026-08-14",
"worms:1086","Eumalacostraca",,,0,,"2026-08-14",
"worms:1089","Eucarida",,,0,,"2026-08-14",
"worms:1090","Peracarida","peracarids","peracarids",1,"worms","2026-08-14",
"worms:10919","Zeiformes",,,0,,"2026-08-14",
"worms:1100","Calanoida",,,0,,"2026-08-14",
"worms:1101","Cyclopoida",,,0,,"2026-08-14",
"worms:11014","Perciformes",,,0,,"2026-08-14",
"worms:1102","Harpacticoida",,,0,,"2026-08-14",
"worms:110671","Euphausiidae",,"euphausiids | krill",2,"worms","2026-08-14","multiple English vernaculars - pick one"
"worms:110673","Euphausia",,,0,,"2026-08-14",
"worms:110675","Nematobrachion",,,0,,"2026-08-14",
"worms:110677","Nyctiphanes",,,0,,"2026-08-14",
"worms:110678","Stylocheiron",,,0,,"2026-08-14",
"worms:110679","Thysanoessa",,,0,,"2026-08-14",
"worms:110680","Thysanopoda",,,0,,"2026-08-14",
"worms:110683","Euphausia brevis",,,0,,"2026-08-14",
"worms:110684","Euphausia gibboides",,,0,,"2026-08-14",
"worms:110686","Euphausia hemigibba",,,0,,"2026-08-14",
"worms:110688","Euphausia mutica",,,0,,"2026-08-14",
"worms:110691","Nematobrachion boopis",,,0,,"2026-08-14",
"worms:110692","Nematobrachion flexipes",,,0,,"2026-08-14",
"worms:110699","Stylocheiron abbreviatum",,,0,,"2026-08-14",
"worms:110700","Stylocheiron affine",,,0,,"2026-08-14",
"worms:110701","Stylocheiron carinatum",,,0,,"2026-08-14",
"worms:110702","Stylocheiron elongatum",,,0,,"2026-08-14",
"worms:110703","Stylocheiron longicorne",,,0,,"2026-08-14",
"worms:110704","Stylocheiron maximum",,,0,,"2026-08-14",
"worms:110706","Stylocheiron suhmii",,,0,,"2026-08-14",
"worms:110707","Thysanoessa gregaria",,,0,,"2026-08-14",
"worms:110714","Thysanopoda cornuta",,,0,,"2026-08-14",
"worms:110716","Thysanopoda egregia",,,0,,"2026-08-14",
"worms:110718","Thysanopoda monacantha",,,0,,"2026-08-14",
"worms:110719","Thysanopoda obtusifrons",,,0,,"2026-08-14",
"worms:110720","Thysanopoda pectinata",,,0,,"2026-08-14",
"worms:1128","Euphausiacea",,"euphausiaceans | krill | krill and allies",3,"worms","2026-08-14","multiple English vernaculars - pick one"
"worms:1130","Decapoda",,"decapods | ten-footed",2,"worms","2026-08-14","multiple English vernaculars - pick one"
"worms:1135","Amphipoda",,"amphipods | beach hoppers | sand hoppers | scuds and relatives",4,"worms","2026-08-14","multiple English vernaculars - pick one"
"worms:115058","Mischococcales",,,0,,"2026-08-14",
"worms:115063","Pleurochloridaceae",,,0,,"2026-08-14",
"worms:115072","Phaeocystaceae",,,0,,"2026-08-14",
"worms:115075","Meringosphaera",,,0,,"2026-08-14",
"worms:115088","Phaeocystis",,,0,,"2026-08-14",
"worms:11707","Cephalopoda",,"cephalopods | squids, octopuses, nautilus, and ammonites",2,"worms","2026-08-14","multiple English vernaculars - pick one"
"worms:11709","Coleoidea","coleoids","coleoids",1,"worms","2026-08-14",
"worms:11716","Teuthida","squids","squids",1,"worms","2026-08-14",
"worms:11718","Octopoda",,"Kraken octopods | octopuses",2,"worms","2026-08-14","multiple English vernaculars - pick one"
"worms:117200","Velella",,,0,,"2026-08-14",
"worms:11725","Sepiolidae",,,0,,"2026-08-14",
"worms:11728","Myopsida",,,0,,"2026-08-14",
"worms:11730","Oegopsida",,,0,,"2026-08-14",
"worms:11733","Incirrata",,,0,,"2026-08-14",
"worms:11734","Loliginidae","inshore squids","inshore squids",1,"worms","2026-08-14",
"worms:11740","Enoploteuthidae",,,0,,"2026-08-14",
"worms:11741","Octopoteuthidae",,,0,,"2026-08-14",
"worms:11742","Onychoteuthidae",,,0,,"2026-08-14",
"worms:11743","Gonatidae",,,0,,"2026-08-14",
"worms:11749","Histioteuthidae",,,0,,"2026-08-14",
"worms:11758","Brachioteuthidae",,,0,,"2026-08-14",
"worms:11762","Thysanoteuthidae",,,0,,"2026-08-14",
"worms:11766","Cycloteuthidae",,,0,,"2026-08-14",
"worms:11767","Chiroteuthidae",,,0,,"2026-08-14",
"worms:11769","Mastigoteuthidae",,,0,,"2026-08-14",
"worms:11774","Cranchiidae","glass squids","glass squids",1,"worms","2026-08-14",
"worms:11785","Argonautidae",,,0,,"2026-08-14",
"worms:11786","Alloposidae",,,0,,"2026-08-14",
"worms:11788","Ocythoidae",,,0,,"2026-08-14",
"worms:11790","Tremoctopodidae",,,0,,"2026-08-14",
"worms:118089","Hemiptera","true bugs","true bugs",1,"worms","2026-08-14",
"worms:119077","Leucocryptos marina",,,0,,"2026-08-14",
"worms:1205","Hyperiidea",,,0,,"2026-08-14",
"worms:1207","Gammaridea",,,0,,"2026-08-14",
"worms:125428","Derichthyidae","longneck eels","longneck eels",1,"worms","2026-08-14",
"worms:125440","Anotopteridae","daggertooth","daggertooth",1,"worms","2026-08-14",
"worms:125442","Chlorophthalmidae","greeneyes","greeneyes",1,"worms","2026-08-14",
"worms:125444","Ipnopidae","deep-sea tripod fishes","deep-sea tripod fishes",1,"worms","2026-08-14",
"worms:125446","Omosudidae","hammerjaws","hammerjaws",1,"worms","2026-08-14",
"worms:125456","Berycidae",,"Alfonsinos | berycids",2,"worms","2026-08-14","multiple English vernaculars - pick one"
"worms:125472","Melanonidae","melanonids","melanonids",1,"worms","2026-08-14",
"worms:125478","Lampridae","opah","opah",1,"worms","2026-08-14",
"worms:125480","Radiicephalidae","tapertails","tapertails",1,"worms","2026-08-14",
"worms:125482","Stylephoridae",,"thread-tail | tube-eye",2,"worms","2026-08-14","multiple English vernaculars - pick one"
"worms:125485","Caulophrynidae","fanfins","fanfins",1,"worms","2026-08-14",
"worms:125486","Centrophrynidae",,"deep-sea anglerfish | Dreamers | Prickly anglerfishes",3,"worms","2026-08-14","multiple English vernaculars - pick one"
"worms:125491","Himantolophidae","footballfishes","footballfishes",1,"worms","2026-08-14",
"worms:125499","Neoscopelidae","blackchins","blackchins",1,"worms","2026-08-14",
"worms:125511","Microstomatidae","pencil smelts","pencil smelts",1,"worms","2026-08-14",
"worms:125517","Anarhichadidae","wolffishes","wolffishes",1,"worms","2026-08-14",
"worms:125535","Epigonidae","deepwater cardinalfishes","deepwater cardinalfishes",1,"worms","2026-08-14",
"worms:125543","Lobotidae","tripletails","tripletails",1,"worms","2026-08-14",
"worms:125544","Luvaridae","louvar","louvar",1,"worms","2026-08-14",
"worms:125560","Scombrolabracidae","longfin escolars","longfin escolars",1,"worms","2026-08-14",
"worms:125584","Eurypharyngidae","gulpers","gulpers",1,"worms","2026-08-14",
"worms:125586","Saccopharyngidae","swallowers","swallowers",1,"worms","2026-08-14",
"worms:125594","Psychrolutidae","fatheads","fatheads",1,"worms","2026-08-14",
"worms:125596","Sebastidae","rockfishes, rockcods and thornyheads","rockfishes, rockcods and thornyheads",1,"worms","2026-08-14",
"worms:125605","Centriscidae","snipefishes and shrimpfishes","snipefishes and shrimpfishes",1,"worms","2026-08-14",
"worms:125609","Molidae",,"molas | ocean sunfishes",2,"worms","2026-08-14","multiple English vernaculars - pick one"
"worms:125621","Chlopsis",,,0,,"2026-08-14",
"worms:125622","Ariosoma",,,0,,"2026-08-14",
"worms:125625","Gnathophis",,,0,,"2026-08-14",
"worms:125626","Heteroconger",,,0,,"2026-08-14",
"worms:125627","Paraconger",,,0,,"2026-08-14",
"worms:125629","Derichthys",,,0,,"2026-08-14",
"worms:125636","Gymnothorax",,,0,,"2026-08-14",
"worms:125638","Avocettina",,,0,,"2026-08-14",
"worms:125639","Nemichthys",,,0,,"2026-08-14",
"worms:125640","Facciolella",,,0,,"2026-08-14",
"worms:125647","Ophichthus",,,0,,"2026-08-14",
"worms:125650","Serrivomer",,,0,,"2026-08-14",
"worms:125661","Alepisaurus",,,0,,"2026-08-14",
"worms:125662","Anotopterus",,,0,,"2026-08-14",
"worms:125663","Aulopus",,,0,,"2026-08-14",
"worms:125665","Coccorella",,,0,,"2026-08-14",
"worms:125666","Evermannella","Sabretooth","Sabretooth",1,"worms","2026-08-14",
"worms:125671","Ahliesaurus",,,0,,"2026-08-14",
"worms:125673","Omosudis",,,0,,"2026-08-14",
"worms:125674","Arctozenus",,,0,,"2026-08-14",
"worms:125675","Lestidiops",,,0,,"2026-08-14",
"worms:125677","Magnisudis",,,0,,"2026-08-14",
"worms:125679","Sudis",,,0,,"2026-08-14",
"worms:125680","Uncisudis",,,0,,"2026-08-14",
"worms:125681","Benthalbella",,,0,,"2026-08-14",
"worms:125682","Rosenblattichthys",,,0,,"2026-08-14",
"worms:125686","Synodus",,,0,,"2026-08-14",
"worms:125690","Tylosurus",,,0,,"2026-08-14",
"worms:125691","Cheilopogon",,,0,,"2026-08-14",
"worms:125692","Exocoetus",,,0,,"2026-08-14",
"worms:125693","Hirundichthys",,,0,,"2026-08-14",
"worms:125694","Parexocoetus",,,0,,"2026-08-14",
"worms:125695","Hemiramphus",,,0,,"2026-08-14",
"worms:125696","Hyporhamphus",,,0,,"2026-08-14",
"worms:125698","Scomberesox",,,0,,"2026-08-14",
"worms:125699","Anoplogaster",,,0,,"2026-08-14",
"worms:125700","Beryx",,,0,,"2026-08-14",
"worms:125701","Diretmichthys",,,0,,"2026-08-14",
"worms:125702","Diretmoides",,,0,,"2026-08-14",
"worms:125703","Diretmus",,"Discfish | Spinyfin",2,"worms","2026-08-14","multiple English vernaculars - pick one"
"worms:125704","Sargocentron",,,0,,"2026-08-14",
"worms:125711","Eutaeniophorus",,,0,,"2026-08-14",
"worms:125716","Clupea",,,0,,"2026-08-14",
"worms:125724","Engraulis",,,0,,"2026-08-14",
"worms:125727","Bregmaceros",,,0,,"2026-08-14",
"worms:125732","Gadus",,,0,,"2026-08-14",
"worms:125754","Nezumia",,,0,,"2026-08-14",
"worms:125760","Melanonus",,,0,,"2026-08-14",
"worms:125767","Laemonema",,,0,,"2026-08-14",
"worms:125770","Physiculus",,,0,,"2026-08-14",
"worms:125783","Lampris",,,0,,"2026-08-14",
"worms:125785","Radiicephalus",,,0,,"2026-08-14",
"worms:125787","Stylephorus",,,0,,"2026-08-14",
"worms:125788","Trachipterus",,,0,,"2026-08-14",
"worms:125789","Zu",,,0,,"2026-08-14",
"worms:125790","Antennarius",,,0,,"2026-08-14",
"worms:125793","Centrophryne",,,0,,"2026-08-14",
"worms:125794","Ceratias",,,0,,"2026-08-14",
"worms:125795","Cryptopsaras",,,0,,"2026-08-14",
"worms:125796","Chaunax",,,0,,"2026-08-14",
"worms:125799","Himantolophus",,,0,,"2026-08-14",
"worms:125801","Linophryne",,,0,,"2026-08-14",
"worms:125803","Melanocetus",,,0,,"2026-08-14",
"worms:125805","Chaenophryne",,,0,,"2026-08-14",
"worms:125807","Dolopichthys",,,0,,"2026-08-14",
"worms:125809","Lophodolos",,,0,,"2026-08-14",
"worms:125815","Benthosema",,,0,,"2026-08-14",
"worms:125816","Bolinichthys",,,0,,"2026-08-14",
"worms:125817","Centrobranchus",,,0,,"2026-08-14",
"worms:125818","Ceratoscopelus",,,0,,"2026-08-14",
"worms:125820","Diogenichthys",,,0,,"2026-08-14",
"worms:125821","Electrona",,,0,,"2026-08-14",
"worms:125822","Gonichthys",,,0,,"2026-08-14",
"worms:125823","Hygophum",,,0,,"2026-08-14",
"worms:125824","Lampadena",,,0,,"2026-08-14",
"worms:125825","Lampanyctus",,,0,,"2026-08-14",
"worms:125828","Loweina",,,0,,"2026-08-14",
"worms:125829","Myctophum",,,0,,"2026-08-14",
"worms:125830","Notolychnus",,,0,,"2026-08-14",
"worms:125831","Notoscopelus",,,0,,"2026-08-14",
"worms:125832","Protomyctophum",,,0,,"2026-08-14",
"worms:125833","Symbolophorus",,,0,,"2026-08-14",
"worms:125834","Taaningichthys",,,0,,"2026-08-14",
"worms:125836","Scopelengys",,,0,,"2026-08-14",
"worms:125849","Cataetyx",,,0,,"2026-08-14",
"worms:125854","Echiodon",,,0,,"2026-08-14",
"worms:125861","Lamprogrammus",,,0,,"2026-08-14",
"worms:125863","Ophidion",,,0,,"2026-08-14",
"worms:125865","Spectrunculus",,,0,,"2026-08-14",
"worms:125868","Alepocephalus",,,0,,"2026-08-14",
"worms:125870","Bajacalifornia",,,0,,"2026-08-14",
"worms:125871","Bathylaco",,,0,,"2026-08-14",
"worms:125883","Talismania",,,0,,"2026-08-14",
"worms:125885","Argentina",,,0,,"2026-08-14",
"worms:125888","Bathylagus",,,0,,"2026-08-14",
"worms:125889","Dolicholagus",,,0,,"2026-08-14",
"worms:125890","Melanolagus",,,0,,"2026-08-14",
"worms:125893","Nansenia",,,0,,"2026-08-14",
"worms:125894","Bathylychnops",,,0,,"2026-08-14",
"worms:125895","Dolichopteryx","winged spookfish","winged spookfish",1,"worms","2026-08-14",
"worms:125901","Holtbyrnia",,,0,,"2026-08-14",
"worms:125903","Mentodus",,,0,,"2026-08-14",
"worms:125906","Sagamichthys",,,0,,"2026-08-14",
"worms:125908","Acanthurus",,,0,,"2026-08-14",
"worms:125909","Ammodytes",,,0,,"2026-08-14",
"worms:125913","Apogon",,,0,,"2026-08-14",
"worms:125919","Ophioblennius",,,0,,"2026-08-14",
"worms:125924","Brama",,,0,,"2026-08-14",
"worms:125925","Pteraclis",,,0,,"2026-08-14",
"worms:125928","Taractichthys",,,0,,"2026-08-14",
"worms:125932","Synchiropus",,,0,,"2026-08-14",
"worms:125933","Alectis",,,0,,"2026-08-14",
"worms:125936","Caranx",,,0,,"2026-08-14",
"worms:125938","Elagatis",,,0,,"2026-08-14",
"worms:125940","Naucrates",,,0,,"2026-08-14",
"worms:125942","Selar",,,0,,"2026-08-14",
"worms:125946","Trachurus",,,0,,"2026-08-14",
"worms:125947","Caristius",,,0,,"2026-08-14",
"worms:125954","Chaetodon",,,0,,"2026-08-14",
"worms:125956","Chiasmodon",,,0,,"2026-08-14",
"worms:125957","Kali",,,0,,"2026-08-14",
"worms:125958","Pseudoscopelus",,,0,,"2026-08-14",
"worms:125960","Coryphaena",,,0,,"2026-08-14",
"worms:125963","Phtheirichthys",,,0,,"2026-08-14",
"worms:125964","Remora",,,0,,"2026-08-14",
"worms:125967","Epigonus",,,0,,"2026-08-14",
"worms:125969","Diplospinus",,,0,,"2026-08-14",
"worms:125970","Gempylus",,,0,,"2026-08-14",
"worms:125971","Lepidocybium",,,0,,"2026-08-14",
"worms:125972","Nealotus",,,0,,"2026-08-14",
"worms:125973","Nesiarchus",,,0,,"2026-08-14",
"worms:125975","Ruvettus",,,0,,"2026-08-14",
"worms:125998","Oxyurichthys",,,0,,"2026-08-14",
"worms:126011","Pomadasys",,,0,,"2026-08-14",
"worms:126012","Istiophorus",,,0,,"2026-08-14",
"worms:126015","Kyphosus",,,0,,"2026-08-14",
"worms:126017","Bodianus",,,0,,"2026-08-14",
"worms:126024","Thalassoma",,,0,,"2026-08-14",
"worms:126025","Xyrichtys",,,0,,"2026-08-14",
"worms:126027","Lobotes",,,0,,"2026-08-14",
"worms:126028","Luvarus",,,0,,"2026-08-14",
"worms:126032","Mugil",,,0,,"2026-08-14",
"worms:126037","Cubiceps",,,0,,"2026-08-14",
"worms:126038","Nomeus",,,0,,"2026-08-14",
"worms:126039","Psenes",,,0,,"2026-08-14",
"worms:126041","Pholis",,,0,,"2026-08-14",
"worms:126045","Chromis",,,0,,"2026-08-14",
"worms:126055","Umbrina",,,0,,"2026-08-14",
"worms:126056","Acanthocybium",,,0,,"2026-08-14",
"worms:126057","Auxis",,,0,,"2026-08-14",
"worms:126058","Euthynnus",,,0,,"2026-08-14",
"worms:126059","Katsuwonus",,,0,,"2026-08-14",
"worms:126062","Sarda",,,0,,"2026-08-14",
"worms:126063","Scomber",,,0,,"2026-08-14",
"worms:126064","Scomberomorus",,,0,,"2026-08-14",
"worms:126065","Thunnus",,,0,,"2026-08-14",
"worms:126066","Scombrolabrax",,,0,,"2026-08-14",
"worms:126068","Epinephelus",,,0,,"2026-08-14",
"worms:126070","Serranus",,,0,,"2026-08-14",
"worms:126084","Sphyraena",,,0,,"2026-08-14",
"worms:126086","Chirolophis",,,0,,"2026-08-14",
"worms:126093","Tetragonurus",,,0,,"2026-08-14",
"worms:126095","Aphanopus",,,0,,"2026-08-14",
"worms:126097","Lepidopus",,,0,,"2026-08-14",
"worms:126098","Trichiurus",,,0,,"2026-08-14",
"worms:126103","Lycenchelys","slipskin","slipskin",1,"worms","2026-08-14",
"worms:126106","Melanostigma",,,0,,"2026-08-14",
"worms:126110","Bothus",,,0,,"2026-08-14",
"worms:126113","Symphurus",,,0,,"2026-08-14",
"worms:126114","Glyptocephalus",,,0,,"2026-08-14",
"worms:126115","Hippoglossoides",,,0,,"2026-08-14",
"worms:126116","Hippoglossus",,,0,,"2026-08-14",
"worms:126118","Microstomus",,,0,,"2026-08-14",
"worms:126119","Platichthys",,,0,,"2026-08-14",
"worms:126121","Reinhardtius",,,0,,"2026-08-14",
"worms:126135","Cyema",,,0,,"2026-08-14",
"worms:126136","Eurypharynx",,,0,,"2026-08-14",
"worms:126156","Careproctus",,,0,,"2026-08-14",
"worms:126160","Liparis","snailfishes","snailfishes",1,"worms","2026-08-14",
"worms:126169","Psychrolutes",,,0,,"2026-08-14",
"worms:126170","Pontinus",,,0,,"2026-08-14",
"worms:126171","Scorpaena",,,0,,"2026-08-14",
"worms:126172","Scorpaenodes",,,0,,"2026-08-14",
"worms:126181","Melamphaes",,,0,,"2026-08-14",
"worms:126182","Poromitra",,,0,,"2026-08-14",
"worms:126183","Scopeloberyx",,,0,,"2026-08-14",
"worms:126184","Scopelogadus",,,0,,"2026-08-14",
"worms:126187","Cyclothone",,,0,,"2026-08-14",
"worms:126188","Diplophos",,,0,,"2026-08-14",
"worms:126189","Gonostoma",,,0,,"2026-08-14",
"worms:126190","Margrethia",,,0,,"2026-08-14",
"worms:126191","Ichthyococcus",,,0,,"2026-08-14",
"worms:126194","Vinciguerria",,,0,,"2026-08-14",
"worms:126196","Argyropelecus",,,0,,"2026-08-14",
"worms:126197","Maurolicus",,,0,,"2026-08-14",
"worms:126200","Valenciennellus",,,0,,"2026-08-14",
"worms:126201","Aristostomias",,,0,,"2026-08-14",
"worms:126202","Astronesthes",,,0,,"2026-08-14",
"worms:126203","Bathophilus","Dragonfish","Dragonfish",1,"worms","2026-08-14",
"worms:126205","Chauliodus",,,0,,"2026-08-14",
"worms:126211","Idiacanthus",,,0,,"2026-08-14",
"worms:126212","Leptostomias",,,0,,"2026-08-14",
"worms:126214","Melanostomias",,,0,,"2026-08-14",
"worms:126217","Photonectes",,,0,,"2026-08-14",
"worms:126220","Stomias",,,0,,"2026-08-14",
"worms:126222","Macroramphosus",,,0,,"2026-08-14",
"worms:126224","Hippocampus","seahorses","seahorses",1,"worms","2026-08-14",
"worms:126227","Syngnathus","seaweed pipefishes","seaweed pipefishes",1,"worms","2026-08-14",
"worms:126228","Balistes","Triggerfish","Triggerfish",1,"worms","2026-08-14",
"worms:126229","Canthidermis",,,0,,"2026-08-14",
"worms:126231","Diodon",,,0,,"2026-08-14",
"worms:126233","Mola",,,0,,"2026-08-14",
"worms:126235","Aluterus",,,0,,"2026-08-14",
"worms:126241","Sphoeroides",,,0,,"2026-08-14",
"worms:126245","Zenion",,,0,,"2026-08-14",
"worms:126350","Scopelosaurus smithii",,,0,,"2026-08-14",
"worms:126364","Uncisudis quadrimaculata",,,0,,"2026-08-14",
"worms:126536","Centrophryne spinulosa",,,0,,"2026-08-14",
"worms:126581","Benthosema suborbitale","Smallfin lanternfish","Smallfin lanternfish",1,"worms","2026-08-14",
"worms:126586","Ceratoscopelus warmingii","Warming's lantern fish","Warming's lantern fish",1,"worms","2026-08-14",
"worms:126632","Taaningichthys minimus",,,0,,"2026-08-14",
"worms:126688","Bathylaco nigricans","black warrior","black warrior",1,"worms","2026-08-14",
"worms:126721","Melanolagus bericoides","Bigscale deepsea smelt","Bigscale deepsea smelt",1,"worms","2026-08-14",
"worms:126724","Microstoma microstoma","slender argentine","slender argentine",1,"worms","2026-08-14",
"worms:126840","Chiasmodon niger","black swallower","black swallower",1,"worms","2026-08-14",
"worms:126992","Psenes maculatus","silver driftfish","silver driftfish",1,"worms","2026-08-14",
"worms:127269","Melamphaes simus",,,0,,"2026-08-14",
"worms:127274","Poromitra megalops",,,0,,"2026-08-14",
"worms:127279","Scopelogadus mizolepis","soft melamphid","soft melamphid",1,"worms","2026-08-14",
"worms:127292","Diplophos taenia","Pacific portholefish","Pacific portholefish",1,"worms","2026-08-14",
"worms:127297","Margrethia obtusirostra","Bighead portholefish","Bighead portholefish",1,"worms","2026-08-14",
"worms:127302","Vinciguerria attenuata","slender lightfish","slender lightfish",1,"worms","2026-08-14",
"worms:127312","Maurolicus muelleri",,"Muller's pearlsides | pearl-side | pearlsides | pearlsides argentine | sheppy argentine",5,"worms","2026-08-14","multiple English vernaculars - pick one"
"worms:127322","Astronesthes gemmifer","snaggletooth","snaggletooth",1,"worms","2026-08-14",
"worms:127338","Chauliodus sloani",,"Manylight fangfish | manylight viperfish | Sloane's viperfish | Sloan's fangfish | Sloan's viperfish",5,"worms","2026-08-14","multiple English vernaculars - pick one"
"worms:127354","Idiacanthus fasciola",,"ribbon sawtail fish | ribbon sawtailfish",2,"worms","2026-08-14","multiple English vernaculars - pick one"
"worms:127401","Diodon eydouxii","pelagic porcupinefish","pelagic porcupinefish",1,"worms","2026-08-14",
"worms:1278","Hexapoda",,,0,,"2026-08-14",
"worms:1307","Insecta","insects","insects",1,"worms","2026-08-14",
"worms:1310251","Mesovagus",,,0,,"2026-08-14",
"worms:1321884","Argentiniformes",,,0,,"2026-08-14",
"worms:1337","Hydrozoa",,"hydroids | hydromedusae | hydrozoans",3,"worms","2026-08-14","multiple English vernaculars - pick one"
"worms:1342533","Halobatini",,,0,,"2026-08-14",
"worms:13551","Anthoathecata",,,0,,"2026-08-14",
"worms:136974","Mustelidae",,,0,,"2026-08-14",
"worms:136976","Phocidae","true seals","true seals",1,"worms","2026-08-14",
"worms:136979","Balaenopteridae","rorquals","rorquals",1,"worms","2026-08-14",
"worms:136980","Delphinidae","ocean dolphins","ocean dolphins",1,"worms","2026-08-14",
"worms:136981","Eschrichtiidae",,,0,,"2026-08-14",
"worms:136982","Kogiidae","pygmy and dwarf sperm whales","pygmy and dwarf sperm whales",1,"worms","2026-08-14",
"worms:136984","Phocoenidae","porpoises","porpoises",1,"worms","2026-08-14",
"worms:136985","Physeteridae",,,0,,"2026-08-14",
"worms:136986","Ziphiidae","beaked whales","beaked whales",1,"worms","2026-08-14",
"worms:136999","Cheloniidae","sea turtles","sea turtles",1,"worms","2026-08-14",
"worms:137010","Phoca",,,0,,"2026-08-14",
"worms:137013","Balaenoptera",,"baleen whales | finback whales",2,"worms","2026-08-14","multiple English vernaculars - pick one"
"worms:137014","Megaptera",,,0,,"2026-08-14",
"worms:137015","Delphinus","common dolphins","common dolphins",1,"worms","2026-08-14",
"worms:137018","Grampus",,,0,,"2026-08-14",
"worms:137021","Orcinus",,,0,,"2026-08-14",
"worms:137023","Pseudorca",,,0,,"2026-08-14",
"worms:137024","Stenella",,,0,,"2026-08-14",
"worms:137026","Tursiops","bottlenose dolphins","bottlenose dolphins",1,"worms","2026-08-14",
"worms:137027","Eschrichtius",,,0,,"2026-08-14",
"worms:137031","Phocoena",,,0,,"2026-08-14",
"worms:137032","Physeter",,,0,,"2026-08-14",
"worms:137035","Ziphius",,,0,,"2026-08-14",
"worms:137067","Chelonia",,,0,,"2026-08-14",
"worms:137069","Lepidochelys",,,0,,"2026-08-14",
"worms:137212","Doliolida",,,0,,"2026-08-14",
"worms:137213","Pyrosomatida",,,0,,"2026-08-14",
"worms:137216","Pyrosomatidae",,,0,,"2026-08-14",
"worms:137643","Haliphron",,,0,,"2026-08-14",
"worms:137649","Ancistrocheirus",,,0,,"2026-08-14",
"worms:137695","Japetella",,,0,,"2026-08-14",
"worms:137697","Brachioteuthis",,,0,,"2026-08-14",
"worms:137777","Chiroteuthis",,,0,,"2026-08-14",
"worms:137785","Chtenopteryx",,,0,,"2026-08-14",
"worms:137848","Galiteuthis",,,0,,"2026-08-14",
"worms:137849","Helicocranchia",,,0,,"2026-08-14",
"worms:137850","Leachia",,,0,,"2026-08-14",
"worms:137851","Liocranchia",,,0,,"2026-08-14",
"worms:137852","Megalocranchia","Large cranch squid","Large cranch squid",1,"worms","2026-08-14",
"worms:137865","Cycloteuthis",,,0,,"2026-08-14",
"worms:137930","Abralia",,,0,,"2026-08-14",
"worms:137931","Abraliopsis",,,0,,"2026-08-14",
"worms:138074","Histioteuthis",,,0,,"2026-08-14",
"worms:1381346","Oithonida",,,0,,"2026-08-14",
"worms:1381349","Ergasilida",,,0,,"2026-08-14",
"worms:138168","Mastigoteuthis",,,0,,"2026-08-14",
"worms:138268","Octopus",,,0,,"2026-08-14",
"worms:138271","Octopoteuthis",,,0,,"2026-08-14",
"worms:138273","Ocythoe",,,0,,"2026-08-14",
"worms:138279","Ommastrephes",,,0,,"2026-08-14",
"worms:138280","Sthenoteuthis",,,0,,"2026-08-14",
"worms:138291","Onychoteuthis",,,0,,"2026-08-14",
"worms:138422","Pterygioteuthis",,,0,,"2026-08-14",
"worms:138423","Pyroteuthis",,,0,,"2026-08-14",
"worms:138478","Heteroteuthis",,,0,,"2026-08-14",
"worms:138563","Tremoctopus","blanket octopuses","blanket octopuses",1,"worms","2026-08-14",
"worms:138849","Japetella diaphana","Diaphanous pelagic octopod","Diaphanous pelagic octopod",1,"worms","2026-08-14",
"worms:139472","Cycloteuthis sirventi",,,0,,"2026-08-14",
"worms:140610","Ocythoe tuberculata",,"Football octopus | tuberculate octopus | tuberculate pelagic octopus",3,"worms","2026-08-14","multiple English vernaculars - pick one"
"worms:1410","Foraminifera",,"foraminiferans | forams | hole bearers",3,"worms","2026-08-14","multiple English vernaculars - pick one"
"worms:1454580","Sepioloidea",,,0,,"2026-08-14",
"worms:1454589","Bathyteuthida",,,0,,"2026-08-14",
"worms:1454592","Cranchioidea",,,0,,"2026-08-14",
"worms:1454594","Chiroteuthoidea",,,0,,"2026-08-14",
"worms:146142","Bryozoa",,"bryozoans | lace animals | lace corals | moss animals | sea mats",5,"worms","2026-08-14","multiple English vernaculars - pick one"
"worms:146203","Dinoflagellata","dinoflagellates","dinoflagellates",1,"worms","2026-08-14",
"worms:146232","Dictyochophyceae",,,0,,"2026-08-14",
"worms:146419","Vertebrata","vertebrates","vertebrates",1,"worms","2026-08-14",
"worms:146420","Tunicata",,"sea squirts | tunicates",2,"worms","2026-08-14","multiple English vernaculars - pick one"
"worms:146421","Appendicularia",,,0,,"2026-08-14",
"worms:146537","Cyanobacteria",,"blue-green algae | blue-green bacteria",2,"worms","2026-08-14","multiple English vernaculars - pick one"
"worms:146542","Cyanophyceae",,,0,,"2026-08-14",
"worms:146547","Nostocales",,,0,,"2026-08-14",
"worms:146651","Rivulariaceae",,,0,,"2026-08-14",
"worms:14672","Octopodoidea",,,0,,"2026-08-14",
"worms:14673","Argonautoidea",,,0,,"2026-08-14",
"worms:14712","Heterobranchia",,,0,,"2026-08-14",
"worms:148723","Odontoceti","toothed whales","toothed whales",1,"worms","2026-08-14",
"worms:148724","Mysticeti","baleen whales","baleen whales",1,"worms","2026-08-14",
"worms:148736","Pinnipedia",,,0,,"2026-08-14",
"worms:148741","Cryptodira",,,0,,"2026-08-14",
"worms:148891","Torpedininae",,,0,,"2026-08-14",
"worms:148899","Bacillariophyceae",,"diatoms | featherlike diatoms",2,"worms","2026-08-14","multiple English vernaculars - pick one"
"worms:151134","Heteroptera",,,0,,"2026-08-14",
"worms:151152","Pterygota",,,0,,"2026-08-14",
"worms:151157","Micropogonias",,,0,,"2026-08-14",
"worms:151391","Cryptacanthodidae","wrymouths","wrymouths",1,"worms","2026-08-14",
"worms:151400","Icosteidae","ragfish","ragfish",1,"worms","2026-08-14",
"worms:151407","Champsodontidae","crocodile toothfishes","crocodile toothfishes",1,"worms","2026-08-14",
"worms:151410","Creediidae","sandburrowers","sandburrowers",1,"worms","2026-08-14",
"worms:151429","Amarsipidae","bagless glassfishes","bagless glassfishes",1,"worms","2026-08-14",
"worms:151431","Centropomidae","snooks","snooks",1,"worms","2026-08-14",
"worms:151437","Symphysanodontidae","slopefishes","slopefishes",1,"worms","2026-08-14",
"worms:151450","Nematistiidae","roosterfish","roosterfish",1,"worms","2026-08-14",
"worms:151477","Cheilodactylidae","morwongs","morwongs",1,"worms","2026-08-14",
"worms:1517375","Chondrichthyes",,,0,,"2026-08-14",
"worms:151739","Zoarcoidei",,,0,,"2026-08-14",
"worms:1517449","Alepocephaliformes",,,0,,"2026-08-14",
"worms:1517478","Stylephoriformes",,,0,,"2026-08-14",
"worms:151748","Scombroidei",,,0,,"2026-08-14",
"worms:1517487","Trachichthyiformes",,,0,,"2026-08-14",
"worms:1517488","Holocentriformes",,,0,,"2026-08-14",
"worms:1517490","Scombriformes",,,0,,"2026-08-14",
"worms:1517496","Callionymiformes",,,0,,"2026-08-14",
"worms:1517498","Mulliformes",,,0,,"2026-08-14",
"worms:1517500","Gobiiformes",,,0,,"2026-08-14",
"worms:151751","Percoidei",,,0,,"2026-08-14",
"worms:1517511","Carangaria incertae sedis",,,0,,"2026-08-14",
"worms:1517532","Carangiformes",,,0,,"2026-08-14",
"worms:1517542","Blenniiformes",,,0,,"2026-08-14",
"worms:1517546","Ovalentaria incertae sedis",,,0,,"2026-08-14",
"worms:1517548","Acanthuriformes",,,0,,"2026-08-14",
"worms:1517557","Centrarchiformes",,,0,,"2026-08-14",
"worms:1517559","Scorpididae",,,0,,"2026-08-14",
"worms:1517567","Acropomatiformes",,,0,,"2026-08-14",
"worms:1517577","Eupercaria incertae sedis",,,0,,"2026-08-14",
"worms:1517585","Cebidichthyidae",,,0,,"2026-08-14",
"worms:1517599","Zaniolepididae",,,0,,"2026-08-14",
"worms:151773","Latilinae",,,0,,"2026-08-14",
"worms:151776","Girellinae",,,0,,"2026-08-14",
"worms:151793","Microdesminae",,,0,,"2026-08-14",
"worms:151794","Aphanopodinae",,,0,,"2026-08-14",
"worms:151798","Trichiurinae",,,0,,"2026-08-14",
"worms:151804","Albuliformes",,,0,,"2026-08-14",
"worms:151806","Albulinae",,,0,,"2026-08-14",
"worms:151813","Moringuidae",,"spaghetti eels | worm eels",2,"worms","2026-08-14","multiple English vernaculars - pick one"
"worms:151816","Colocongridae","short-tail eels","short-tail eels",1,"worms","2026-08-14",
"worms:151819","Heterocongrinae",,,0,,"2026-08-14",
"worms:151820","Bathymyrinae",,,0,,"2026-08-14",
"worms:151821","Ophichthinae",,,0,,"2026-08-14",
"worms:151822","Congrinae",,,0,,"2026-08-14",
"worms:151824","Myrophinae",,,0,,"2026-08-14",
"worms:151829","Muraeninae",,,0,,"2026-08-14",
"worms:151850","Atherinopsinae",,,0,,"2026-08-14",
"worms:151854","Giganturidae","telescopefishes","telescopefishes",1,"worms","2026-08-14",
"worms:1519020","Euprymnini",,,0,,"2026-08-14",
"worms:152352","Osteichthyes",,,0,,"2026-08-14",
"worms:1525474","Lampanyctus bristori",,,0,,"2026-08-14",
"worms:1525480","Lampanyctus hawaiiensis",,,0,,"2026-08-14",
"worms:1525495","Dasyscopelus obtusirostris",,,0,,"2026-08-14",
"worms:1525496","Dasyscopelus selenops",,,0,,"2026-08-14",
"worms:1525960","Dasyscopelus spinosus",,,0,,"2026-08-14",
"worms:153101","Amphitretidae",,,0,,"2026-08-14",
"worms:154158","Ceratioidei",,,0,,"2026-08-14",
"worms:154170","Samaridae","crested flounders","crested flounders",1,"worms","2026-08-14",
"worms:154171","Achiridae","American soles","American soles",1,"worms","2026-08-14",
"worms:154212","Gonorynchiformes",,,0,,"2026-08-14",
"worms:154224","Maurolicinae",,,0,,"2026-08-14",
"worms:154225","Sternoptychinae",,,0,,"2026-08-14",
"worms:154232","Macrourinae",,,0,,"2026-08-14",
"worms:154235","Merlucciinae",,,0,,"2026-08-14",
"worms:154247","Scorpaenoidei",,,0,,"2026-08-14",
"worms:154405","Syngnathinae",,,0,,"2026-08-14",
"worms:154407","Sebastinae",,,0,,"2026-08-14",
"worms:154408","Sebastolobinae",,,0,,"2026-08-14",
"worms:154409","Scorpaeninae",,,0,,"2026-08-14",
"worms:154417","Cottoidei",,,0,,"2026-08-14",
"worms:154432","Chanidae","milkfish","milkfish",1,"worms","2026-08-14",
"worms:154468","Enophrys",,,0,,"2026-08-14",
"worms:154576","Aulostomidae","trumpetfishes","trumpetfishes",1,"worms","2026-08-14",
"worms:1545783","Enoploteuthoidea",,,0,,"2026-08-14",
"worms:1545786","Octopoteuthoidea",,,0,,"2026-08-14",
"worms:1545787","Oegopsida incertae sedis",,,0,,"2026-08-14",
"worms:154687","Pleuronectinae",,,0,,"2026-08-14",
"worms:154689","Symphurinae",,,0,,"2026-08-14",
"worms:154739","Ophidiinae",,,0,,"2026-08-14",
"worms:154740","Neobythitinae",,,0,,"2026-08-14",
"worms:154741","Carapinae",,,0,,"2026-08-14",
"worms:154745","Gobiesocinae",,,0,,"2026-08-14",
"worms:154750","Hexagramminae",,,0,,"2026-08-14",
"worms:154752","Ophiodontinae",,,0,,"2026-08-14",
"worms:155876","Neocopepoda",,,0,,"2026-08-14",
"worms:155877","Gymnoplea",,,0,,"2026-08-14",
"worms:155879","Podoplea",,,0,,"2026-08-14",
"worms:157033","Sepiolida",,,0,,"2026-08-14",
"worms:157873","Elops","lady fishes","lady fishes",1,"worms","2026-08-14",
"worms:157878","Albula",,,0,,"2026-08-14",
"worms:158570","Rhynchoconger",,,0,,"2026-08-14",
"worms:158579","Neoconger",,,0,,"2026-08-14",
"worms:158641","Myrophis",,,0,,"2026-08-14",
"worms:158692","Etrumeus",,,0,,"2026-08-14",
"worms:158694","Opisthonema",,,0,,"2026-08-14",
"worms:158697","Anchoa",,,0,,"2026-08-14",
"worms:158749","Stemonosudis","Black-spotted barracudina","Black-spotted barracudina",1,"worms","2026-08-14",
"worms:158754","Scopelarchoides",,,0,,"2026-08-14",
"worms:158761","Lepophidium",,,0,,"2026-08-14",
"worms:158783","Porichthys",,,0,,"2026-08-14",
"worms:158785","Gobiesox",,,0,,"2026-08-14",
"worms:158794","Cyclopsetta",,,0,,"2026-08-14",
"worms:158797","Etropus",,,0,,"2026-08-14",
"worms:158806","Haemulon",,,0,,"2026-08-14",
"worms:158809","Orthopristis",,,0,,"2026-08-14",
"worms:158813","Halichoeres",,,0,,"2026-08-14",
"worms:158823","Paralichthys",,,0,,"2026-08-14",
"worms:158831","Hippoglossina",,,0,,"2026-08-14",
"worms:158834","Yarrella",,,0,,"2026-08-14",
"worms:158835","Yarrella blackfordi",,,0,,"2026-08-14",
"worms:158857","Gigantura",,,0,,"2026-08-14",
"worms:158870","Lestidium",,,0,,"2026-08-14",
"worms:158872","Lestrolepis",,,0,,"2026-08-14",
"worms:158873","Lestrolepis intermedia","Brilliant-bellied barracudina","Brilliant-bellied barracudina",1,"worms","2026-08-14",
"worms:158875","Syacium",,,0,,"2026-08-14",
"worms:158883","Trachinocephalus",,,0,,"2026-08-14",
"worms:158896","Lampadena luminosa","Luminous lanternfish","Luminous lanternfish",1,"worms","2026-08-14",
"worms:158897","Lampanyctus nobilis","Noble lampfish","Noble lampfish",1,"worms","2026-08-14",
"worms:158898","Lampanyctus tenuiformis","Slender lanternfish","Slender lanternfish",1,"worms","2026-08-14",
"worms:158899","Lobianchia",,,0,,"2026-08-14",
"worms:158901","Lobianchia gemellarii","Cocco's lantern fish","Cocco's lantern fish",1,"worms","2026-08-14",
"worms:158921","Desmodema",,,0,,"2026-08-14",
"worms:158927","Microgadus",,,0,,"2026-08-14",
"worms:159024","Kogia",,,0,,"2026-08-14",
"worms:159065","Brotula",,,0,,"2026-08-14",
"worms:159208","Monolene",,,0,,"2026-08-14",
"worms:159223","Hemanthias",,,0,,"2026-08-14",
"worms:159240","Calamus",,,0,,"2026-08-14",
"worms:159244","Ablennes",,,0,,"2026-08-14",
"worms:159250","Astroscopus",,,0,,"2026-08-14",
"worms:159253","Strongylura",,,0,,"2026-08-14",
"worms:159254","Kathetostoma",,,0,,"2026-08-14",
"worms:159274","Euleptorhamphus",,,0,,"2026-08-14",
"worms:159293","Pristigenys",,,0,,"2026-08-14",
"worms:159297","Nicholsina",,,0,,"2026-08-14",
"worms:159299","Scarus",,,0,,"2026-08-14",
"worms:159304","Cynoscion",,,0,,"2026-08-14",
"worms:159319","Larimus",,,0,,"2026-08-14",
"worms:159324","Menticirrhus",,,0,,"2026-08-14",
"worms:159349","Diplectrum",,,0,,"2026-08-14",
"worms:159355","Engyophrys",,,0,,"2026-08-14",
"worms:159383","Myripristis",,,0,,"2026-08-14",
"worms:159400","Caulolatilus",,,0,,"2026-08-14",
"worms:159407","Microdesmus",,,0,,"2026-08-14",
"worms:159438","Fistularia",,,0,,"2026-08-14",
"worms:159462","Anoplopoma",,,0,,"2026-08-14",
"worms:159569","Prionotus",,,0,,"2026-08-14",
"worms:159603","Hypsoblennius",,,0,,"2026-08-14",
"worms:159638","Hemicaranx",,,0,,"2026-08-14",
"worms:159674","Cryptacanthodes",,,0,,"2026-08-14",
"worms:159699","Dormitator",,,0,,"2026-08-14",
"worms:159702","Chaetodipterus",,,0,,"2026-08-14",
"worms:159791","Lutjanus",,,0,,"2026-08-14",
"worms:159825","Peprilus",,,0,,"2026-08-14",
"worms:159830","Symphysanodon",,,0,,"2026-08-14",
"worms:159844","Bathysphyraenops",,,0,,"2026-08-14",
"worms:159845","Bathysphyraenops simplex","Flatbrow basslet","Flatbrow basslet",1,"worms","2026-08-14",
"worms:160268","Gerridae","pondskaters","pondskaters",1,"worms","2026-08-14",
"worms:160595","Pterosperma",,,0,,"2026-08-14",
"worms:1617137","Gasterosteoidei",,,0,,"2026-08-14",
"worms:1617139","Uranoscopoidei",,,0,,"2026-08-14",
"worms:1618557","Dorosomatidae",,,0,,"2026-08-14",
"worms:1618558","Alosidae",,,0,,"2026-08-14",
"worms:1629883","Cancrinae",,,0,,"2026-08-14",
"worms:16351","Capitata",,,0,,"2026-08-14",
"worms:164","Gymnosomata","naked pteropods","naked pteropods",1,"worms","2026-08-14",
"worms:1648767","Prasinophytina",,,0,,"2026-08-14",
"worms:1649781","Hansarsia",,,0,,"2026-08-14",
"worms:1649783","Hansarsia atlantica",,,0,,"2026-08-14",
"worms:1649784","Hansarsia difficilis",,,0,,"2026-08-14",
"worms:1649787","Hansarsia gracilis",,,0,,"2026-08-14",
"worms:1649790","Hansarsia microps",,,0,,"2026-08-14",
"worms:1649791","Hansarsia tenella",,,0,,"2026-08-14",
"worms:1715920","Jordaniidae",,,0,,"2026-08-14",
"worms:172813","Pterospermataceae",,,0,,"2026-08-14",
"worms:1731399","Haptophytina",,,0,,"2026-08-14",
"worms:17330","Pyramimonadales",,,0,,"2026-08-14",
"worms:1740301","Medusozoa",,,0,,"2026-08-14",
"worms:1741194","Negibacteria",,,0,,"2026-08-14",
"worms:1758484","Anthiadidae",,,0,,"2026-08-14",
"worms:17638","Cryptophyta","cryptophytes","cryptophytes",1,"worms","2026-08-14",
"worms:17651","Leucocryptos",,,0,,"2026-08-14",
"worms:17793","Xanthophyceae",,,0,,"2026-08-14",
"worms:1801920","Brotulidae",,,0,,"2026-08-14",
"worms:181385","Cranchia",,,0,,"2026-08-14",
"worms:181386","Cranchia scabra",,"cockatoo squid | Rough cranch squid",2,"worms","2026-08-14","multiple English vernaculars - pick one"
"worms:1821","Chordata",,,0,,"2026-08-14",
"worms:1828","Gnathostomata",,,0,,"2026-08-14",
"worms:1831","Tetrapoda",,,0,,"2026-08-14",
"worms:1835429","Brachioteuthoidea",,,0,,"2026-08-14",
"worms:1838","Reptilia","reptiles","reptiles",1,"worms","2026-08-14",
"worms:1841861","Hypsigenyinae",,,0,,"2026-08-14",
"worms:1841903","Cirrhilabrinae",,,0,,"2026-08-14",
"worms:1843780","Clepticini",,,0,,"2026-08-14",
"worms:1843798","Julidinae",,,0,,"2026-08-14",
"worms:1844755","Scarini",,,0,,"2026-08-14",
"worms:1844756","Sparisomatini",,,0,,"2026-08-14",
"worms:1848003","Engraulinae",,,0,,"2026-08-14",
"worms:1848544","Osmeroidei",,,0,,"2026-08-14",
"worms:1848547","Vinciguerriidae",,,0,,"2026-08-14",
"worms:1848548","Diplophidae",,,0,,"2026-08-14",
"worms:1848549","Yarrellidae",,,0,,"2026-08-14",
"worms:1848550","Ichthyococcidae",,,0,,"2026-08-14",
"worms:1848715","Aulopoidei",,,0,,"2026-08-14",
"worms:1848721","Paralepidinae",,,0,,"2026-08-14",
"worms:1848722","Alepisauroidei",,,0,,"2026-08-14",
"worms:1848724","Sudidae",,,0,,"2026-08-14",
"worms:1849087","Stephanoberycoidei",,,0,,"2026-08-14",
"worms:1849092","Berycoidei",,,0,,"2026-08-14",
"worms:1849266","Tetraodontoidei",,,0,,"2026-08-14",
"worms:1849267","Balistoidei",,,0,,"2026-08-14",
"worms:1849275","Lophioidei",,,0,,"2026-08-14",
"worms:1849276","Ogcocephaloidei",,,0,,"2026-08-14",
"worms:1849277","Antennarioidei",,,0,,"2026-08-14",
"worms:1849278","Chaunacoidei",,,0,,"2026-08-14",
"worms:1859206","Apogoniformes",,,0,,"2026-08-14",
"worms:1860107","Gymnoscopelinae",,,0,,"2026-08-14",
"worms:1860108","Notolychninae",,,0,,"2026-08-14",
"worms:1860109","Diaphinae",,,0,,"2026-08-14",
"worms:1874154","Hemilepidotidae",,,0,,"2026-08-14",
"worms:1888085","Dasyscopelus lychnobius",,,0,,"2026-08-14",
"worms:1901802","Synodontoidei",,,0,,"2026-08-14",
"worms:19494","Hydroidolina",,,0,,"2026-08-14",
"worms:19542","Dinophyceae","dinoflagellates","dinoflagellates",1,"worms","2026-08-14",
"worms:203822","Stegastes",,,0,,"2026-08-14",
"worms:203850","Calotomus",,,0,,"2026-08-14",
"worms:203854","Cirripectes",,,0,,"2026-08-14",
"worms:203947","Ammodytoides",,,0,,"2026-08-14",
"worms:203953","Bathycongrus",,,0,,"2026-08-14",
"worms:203974","Sardinops",,,0,,"2026-08-14",
"worms:203993","Gnathanodon",,,0,,"2026-08-14",
"worms:204081","Oxyporhamphus",,,0,,"2026-08-14",
"worms:204083","Parapercis",,,0,,"2026-08-14",
"worms:204335","Plectroglyphidodon",,,0,,"2026-08-14",
"worms:204365","Entomacrodus",,,0,,"2026-08-14",
"worms:204480","Engyprosopon",,,0,,"2026-08-14",
"worms:204487","Coloconger",,,0,,"2026-08-14",
"worms:204522","Gnatholepis",,,0,,"2026-08-14",
"worms:204605","Harengula",,,0,,"2026-08-14",
"worms:204635","Ctenochaetus",,,0,,"2026-08-14",
"worms:204983","Limnichthys",,,0,,"2026-08-14",
"worms:205070","Prognichthys",,,0,,"2026-08-14",
"worms:205210","Mulloidichthys",,,0,,"2026-08-14",
"worms:205227","Oxycheilinus",,,0,,"2026-08-14",
"worms:205260","Lactoria",,,0,,"2026-08-14",
"worms:205330","Cosmocampus",,,0,,"2026-08-14",
"worms:205363","Aulostomus",,,0,,"2026-08-14",
"worms:205532","Gunnellichthys",,,0,,"2026-08-14",
"worms:205546","Plagiotremus",,,0,,"2026-08-14",
"worms:205592","Pseudogramma",,,0,,"2026-08-14",
"worms:205714","Pseudocheilinus",,,0,,"2026-08-14",
"worms:205817","Lophiodes",,,0,,"2026-08-14",
"worms:205823","Atractoscion",,,0,,"2026-08-14",
"worms:205908","Triphoturus",,,0,,"2026-08-14",
"worms:206005","Chanos",,,0,,"2026-08-14",
"worms:206066","Champsodon",,,0,,"2026-08-14",
"worms:206252","Cypselurus",,,0,,"2026-08-14",
"worms:206299","Amarsipus",,,0,,"2026-08-14",
"worms:206303","Pseudamiops",,,0,,"2026-08-14",
"worms:206311","Iniistius",,,0,,"2026-08-14",
"worms:206379","Centropyge",,,0,,"2026-08-14",
"worms:206484","Ostracion",,,0,,"2026-08-14",
"worms:206731","Samariscus",,,0,,"2026-08-14",
"worms:206732","Cephalopholis",,,0,,"2026-08-14",
"worms:206890","Encheliophis",,,0,,"2026-08-14",
"worms:206943","Encrasicholina",,,0,,"2026-08-14",
"worms:20790","Porpitidae",,,0,,"2026-08-14",
"worms:2081","Chaetognatha",,"arrow worms | arrowworms | arrow-worms | chaetognathans",4,"worms","2026-08-14","multiple English vernaculars - pick one"
"worms:217700","Hygophum proximum","Firefly lanternfish","Firefly lanternfish",1,"worms","2026-08-14",
"worms:217707","Lampanyctus achirus",,,0,,"2026-08-14",
"worms:219735","Amarsipus carlsbergi",,,0,,"2026-08-14",
"worms:219745","Cubiceps baxteri","cigarfish","cigarfish",1,"worms","2026-08-14",
"worms:220327","Lestidiops indopacificus",,,0,,"2026-08-14",
"worms:220335","Stemonosudis elegans",,,0,,"2026-08-14",
"worms:221047","Euphausia recurva",,,0,,"2026-08-14",
"worms:221052","Euphausia tenera",,,0,,"2026-08-14",
"worms:221056","Euphausia diomedeae",,,0,,"2026-08-14",
"worms:221063","Thysanopoda orientalis",,,0,,"2026-08-14",
"worms:221510","Sigmops",,,0,,"2026-08-14",
"worms:22388","Thecostraca","barnacles","barnacles",1,"worms","2026-08-14",
"worms:224570","Caenogastropoda",,,0,,"2026-08-14",
"worms:22626","Thaliacea","salps","salps",1,"worms","2026-08-14",
"worms:22986","Ancistrocheiridae",,,0,,"2026-08-14",
"worms:22990","Atlantidae","atlantas","atlantas",1,"worms","2026-08-14",
"worms:23004","Chtenopterygidae",,,0,,"2026-08-14",
"worms:23020","Euthecosomata",,,0,,"2026-08-14",
"worms:23021","Pseudothecosomata",,,0,,"2026-08-14",
"worms:23109","Pyroteuthidae",,,0,,"2026-08-14",
"worms:231386","Otariidae","eared seals","eared seals",1,"worms","2026-08-14",
"worms:231390","Arctocephalus",,,0,,"2026-08-14",
"worms:231398","Mirounga",,,0,,"2026-08-14",
"worms:231400","Lissodelphis",,,0,,"2026-08-14",
"worms:231402","Berardius",,,0,,"2026-08-14",
"worms:234519","Liparidae","snailfishes","snailfishes",1,"worms","2026-08-14",
"worms:234546","Icichthys",,,0,,"2026-08-14",
"worms:234573","Lycodapus",,,0,,"2026-08-14",
"worms:236093","Prymnesiophycidae",,,0,,"2026-08-14",
"worms:236134","Albatrossia",,,0,,"2026-08-14",
"worms:237851","Euphausia pacifica","Pacific krill","Pacific krill",1,"worms","2026-08-14",
"worms:237852","Euphausia distinguenda",,,0,,"2026-08-14",
"worms:237853","Euphausia eximia",,,0,,"2026-08-14",
"worms:237856","Euphausia lamelligera",,,0,,"2026-08-14",
"worms:237864","Nyctiphanes simplex",,,0,,"2026-08-14",
"worms:237869","Tessarabrachion",,,0,,"2026-08-14",
"worms:237870","Tessarabrachion oculatum",,,0,,"2026-08-14",
"worms:237873","Thysanoessa longipes",,,0,,"2026-08-14",
"worms:237874","Thysanoessa spinifera",,,0,,"2026-08-14",
"worms:237875","Thysanopoda astylata",,,0,,"2026-08-14",
"worms:238361","Bolitaena",,,0,,"2026-08-14",
"worms:238752","Planctoteuthis",,,0,,"2026-08-14",
"worms:240731","Hexagrammos",,,0,,"2026-08-14",
"worms:240741","Oxylebiinae",,,0,,"2026-08-14",
"worms:240742","Oxylebius",,,0,,"2026-08-14",
"worms:240744","Ophiodon",,,0,,"2026-08-14",
"worms:242597","Enhydra",,,0,,"2026-08-14",
"worms:248338","Hemilepidotus",,,0,,"2026-08-14",
"worms:254303","Bathyagonus",,,0,,"2026-08-14",
"worms:254339","Hypomesus","smallmouth smelts","smallmouth smelts",1,"worms","2026-08-14",
"worms:254344","Leptocottus","Pacific staghorn sculpins","Pacific staghorn sculpins",1,"worms","2026-08-14",
"worms:254349","Leuroglossus",,,0,,"2026-08-14",
"worms:254361","Lampanyctinae",,,0,,"2026-08-14",
"worms:254362","Stenobrachius",,,0,,"2026-08-14",
"worms:254365","Stellerina",,,0,,"2026-08-14",
"worms:254373","Sarritor",,,0,,"2026-08-14",
"worms:254374","Sarritor frenatus","sawback poacher","sawback poacher",1,"worms","2026-08-14",
"worms:254392","Parophrys",,,0,,"2026-08-14",
"worms:254957","Caniformia",,,0,,"2026-08-14",
"worms:254986","Phocoenoides",,,0,,"2026-08-14",
"worms:254996","Callorhinus","northern fur seals","northern fur seals",1,"worms","2026-08-14",
"worms:254998","Eumetopias","northerns sea lions","northerns sea lions",1,"worms","2026-08-14",
"worms:255002","Zalophus",,,0,,"2026-08-14",
"worms:255006","Arctocephalus philippii",,"Juan Fernandez fur seal | Juan Fernández fur seal",2,"worms","2026-08-14","multiple English vernaculars - pick one"
"worms:255009","Lutrinae",,,0,,"2026-08-14",
"worms:267002","Anoplogastridae","fangtooth","fangtooth",1,"worms","2026-08-14",
"worms:267013","Aulorhynchidae","tubesnouts","tubesnouts",1,"worms","2026-08-14",
"worms:267051","Menidiinae",,,0,,"2026-08-14",
"worms:267056","Myripristinae",,,0,,"2026-08-14",
"worms:267057","Holocentrinae",,,0,,"2026-08-14",
"worms:267079","Apogoninae",,,0,,"2026-08-14",
"worms:267092","Eleotrinae",,,0,,"2026-08-14",
"worms:267094","Gobiinae",,,0,,"2026-08-14",
"worms:267095","Gobionellinae",,,0,,"2026-08-14",
"worms:267103","Cheilininae",,,0,,"2026-08-14",
"worms:267106","Xyrichtyinae",,,0,,"2026-08-14",
"worms:267118","Scombrinae",,,0,,"2026-08-14",
"worms:267121","Xiphisterinae",,,0,,"2026-08-14",
"worms:267122","Chirolophinae",,,0,,"2026-08-14",
"worms:267123","Opisthocentrinae",,,0,,"2026-08-14",
"worms:267126","Gymnelinae",,,0,,"2026-08-14",
"worms:267127","Lycodinae",,,0,,"2026-08-14",
"worms:267132","Bothragoninae",,,0,,"2026-08-14",
"worms:267133","Brachyopsinae",,,0,,"2026-08-14",
"worms:267135","Agoninae",,,0,,"2026-08-14",
"worms:267137","Bathyagoninae",,,0,,"2026-08-14",
"worms:268191","Acanthogobius",,,0,,"2026-08-14",
"worms:268211","Achirus",,,0,,"2026-08-14",
"worms:268237","Agonopsis",,,0,,"2026-08-14",
"worms:268261","Alloclinus",,,0,,"2026-08-14",
"worms:268306","Anarrhichthys",,,0,,"2026-08-14",
"worms:268319","Anisotremus",,,0,,"2026-08-14",
"worms:268327","Anoplarchus",,,0,,"2026-08-14",
"worms:268390","Artedius",,,0,,"2026-08-14",
"worms:268393","Ascelichthys",,,0,,"2026-08-14",
"worms:268394","Aseraggodes",,,0,,"2026-08-14",
"worms:268412","Assurger",,,0,,"2026-08-14",
"worms:268428","Atheresthes",,,0,,"2026-08-14",
"worms:268430","Atherinella",,,0,,"2026-08-14",
"worms:268431","Atherinops",,,0,,"2026-08-14",
"worms:268432","Atherinopsis",,,0,,"2026-08-14",
"worms:268458","Aulorhynchus",,,0,,"2026-08-14",
"worms:268472","Azurina",,,0,,"2026-08-14",
"worms:268508","Bathylagoides",,,0,,"2026-08-14",
"worms:268562","Borophryne",,,0,,"2026-08-14",
"worms:268565","Bothragonus",,,0,,"2026-08-14",
"worms:268602","Brosmophycis",,,0,,"2026-08-14",
"worms:268671","Cebidichthys",,,0,,"2026-08-14",
"worms:268692","Cetengraulis",,,0,,"2026-08-14",
"worms:2687","Carnivora","carnivores","carnivores",1,"worms","2026-08-14",
"worms:268702","Chaenopsis",,,0,,"2026-08-14",
"worms:268728","Cheilotrema",,,0,,"2026-08-14",
"worms:268738","Cherublemma",,,0,,"2026-08-14",
"worms:268740","Chilara",,,0,,"2026-08-14",
"worms:268744","Chiloconger",,,0,,"2026-08-14",
"worms:268755","Chitonotus",,,0,,"2026-08-14",
"worms:268787","Clarkichthys",,,0,,"2026-08-14",
"worms:268793","Clevelandia",,,0,,"2026-08-14",
"worms:268796","Clinocottus","Lesser sculpin","Lesser sculpin",1,"worms","2026-08-14",
"worms:2688","Cetacea","whales, dolphins and porpoises","whales, dolphins and porpoises",1,"worms","2026-08-14",
"worms:268816","Cololabis",,,0,,"2026-08-14",
"worms:268827","Congriscus",,,0,,"2026-08-14",
"worms:268832","Conodon",,,0,,"2026-08-14",
"worms:268890","Cryptotrema",,,0,,"2026-08-14",
"worms:268894","Crystallodytes",,,0,,"2026-08-14",
"worms:2689","Testudines","turtles","turtles",1,"worms","2026-08-14",
"worms:268947","Danaphos",,,0,,"2026-08-14",
"worms:269080","Eopsetta",,,0,,"2026-08-14",
"worms:269106","Erotelis",,,0,,"2026-08-14",
"worms:269162","Fodiator",,,0,,"2026-08-14",
"worms:269199","Genyonemus",,,0,,"2026-08-14",
"worms:269206","Gibbonsia",,,0,,"2026-08-14",
"worms:269212","Gillichthys",,,0,,"2026-08-14",
"worms:269217","Girella",,,0,,"2026-08-14",
"worms:269249","Gobulus",,,0,,"2026-08-14",
"worms:269400","Heterostichus",,,0,,"2026-08-14",
"worms:269422","Hoplopagrus",,,0,,"2026-08-14",
"worms:269471","Hypsypops",,,0,,"2026-08-14",
"worms:269476","Icelinus",,,0,,"2026-08-14",
"worms:269481","Icosteus",,,0,,"2026-08-14",
"worms:269492","Ilypnus",,,0,,"2026-08-14",
"worms:269520","Isopsetta",,,0,,"2026-08-14",
"worms:269590","Labrisomus",,,0,,"2026-08-14",
"worms:269634","Lepidogobius",,,0,,"2026-08-14",
"worms:269638","Lepidopsetta",,,0,,"2026-08-14",
"worms:269681","Leuresthes",,,0,,"2026-08-14",
"worms:269707","Lipolagus",,,0,,"2026-08-14",
"worms:269759","Lyopsetta",,,0,,"2026-08-14",
"worms:269761","Lythrypnus",,,0,,"2026-08-14",
"worms:269769","Macropinna",,,0,,"2026-08-14",
"worms:269781","Malacoctenus",,,0,,"2026-08-14",
"worms:269815","Medialuna",,,0,,"2026-08-14",
"worms:269877","Microspathodon",,,0,,"2026-08-14",
"worms:269892","Mirorictus",,,0,,"2026-08-14",
"worms:269966","Nectoliparis",,,0,,"2026-08-14",
"worms:269979","Nematistius",,,0,,"2026-08-14",
"worms:269994","Neoclinus",,,0,,"2026-08-14",
"worms:270070","Odontesthes",,,0,,"2026-08-14",
"worms:270075","Odontopyxis",,,0,,"2026-08-14",
"worms:270085","Oligocottus",,,0,,"2026-08-14",
"worms:270108","Opostomias",,,0,,"2026-08-14",
"worms:270126","Orthonopias",,,0,,"2026-08-14",
"worms:270184","Parabothus",,,0,,"2026-08-14",
"worms:270190","Paracaristius",,,0,,"2026-08-14",
"worms:270199","Paraclinus",,,0,,"2026-08-14",
"worms:270293","Paricelinus",,,0,,"2026-08-14",
"worms:270310","Parvilux",,,0,,"2026-08-14",
"worms:270342","Perissias",,,0,,"2026-08-14",
"worms:270451","Plectobranchus",,,0,,"2026-08-14",
"worms:270475","Polylepion",,,0,,"2026-08-14",
"worms:270526","Pronotogrammus",,,0,,"2026-08-14",
"worms:270555","Psettichthys",,,0,,"2026-08-14",
"worms:270573","Pseudobathylagus",,,0,,"2026-08-14",
"worms:270682","Quietula",,,0,,"2026-08-14",
"worms:270690","Radulinus",,,0,,"2026-08-14",
"worms:270736","Rhinogobiops",,,0,,"2026-08-14",
"worms:270760","Rimicola",,,0,,"2026-08-14",
"worms:270776","Roncador",,,0,,"2026-08-14",
"worms:270777","Ronquilus",,,0,,"2026-08-14",
"worms:270783","Ruscarius",,,0,,"2026-08-14",
"worms:270817","Scartichthys",,,0,,"2026-08-14",
"worms:270850","Scorpaenichthys",,,0,,"2026-08-14",
"worms:270874","Seriphus",,,0,,"2026-08-14",
"worms:271019","Synchirus",,,0,,"2026-08-14",
"worms:271024","Tactostoma",,,0,,"2026-08-14",
"worms:271040","Tarletonbeania",,,0,,"2026-08-14",
"worms:271182","Typhlogobius",,,0,,"2026-08-14",
"worms:271224","Woodsia","woodsias","woodsias",1,"worms","2026-08-14",
"worms:271228","Xeneretmus",,,0,,"2026-08-14",
"worms:271229","Xenichthys",,,0,,"2026-08-14",
"worms:271262","Xystreurys",,,0,,"2026-08-14",
"worms:271271","Zalieutes",,,0,,"2026-08-14",
"worms:271274","Zaniolepis",,,0,,"2026-08-14",
"worms:272063","Evermannella ahlstromi",,,0,,"2026-08-14",
"worms:272078","Ahliesaurus brevis","Short paperbone","Short paperbone",1,"worms","2026-08-14",
"worms:272082","Scopelosaurus harryi",,"Scaly paperbone | scaly wearyfish",2,"worms","2026-08-14","multiple English vernaculars - pick one"
"worms:272084","Scopelosaurus hoedti",,,0,,"2026-08-14",
"worms:272085","Scopelosaurus hubbsi",,,0,,"2026-08-14",
"worms:272087","Omosudis lowii",,"halterfish | hammerjaw | Omosudid",3,"worms","2026-08-14","multiple English vernaculars - pick one"
"worms:272094","Lestidiops neles",,,0,,"2026-08-14",
"worms:272095","Lestidiops pacificus",,,0,,"2026-08-14",
"worms:272101","Uncisudis advena",,,0,,"2026-08-14",
"worms:272103","Benthalbella linguidens","longfin pearleye","longfin pearleye",1,"worms","2026-08-14",
"worms:272107","Scopelarchus stephensi",,,0,,"2026-08-14",
"worms:272124","Synodus evermanni","spotted lizardfish","spotted lizardfish",1,"worms","2026-08-14",
"worms:272195","Hyporhamphus rosae","California halfbeak","California halfbeak",1,"worms","2026-08-14",
"worms:272287","Engraulis ringens",,"anchoveta | Peruvian anchovy",2,"worms","2026-08-14","multiple English vernaculars - pick one"
"worms:272546","Caulophryne pelagica","Pelagic fanfin","Pelagic fanfin",1,"worms","2026-08-14",
"worms:272619","Lophodolos indicus",,,0,,"2026-08-14",
"worms:272649","Bolinichthys distofax",,,0,,"2026-08-14",
"worms:272653","Centrobranchus andreae",,,0,,"2026-08-14",
"worms:272657","Diaphus anderseni","Andersen's lantern fish","Andersen's lantern fish",1,"worms","2026-08-14",
"worms:272677","Diaphus kuroshio","Kuroshio headlightfish","Kuroshio headlightfish",1,"worms","2026-08-14",
"worms:272714","Lampanyctus omostigma",,,0,,"2026-08-14",
"worms:272782","Echiodon exsilium","nocturnal pearlfish","nocturnal pearlfish",1,"worms","2026-08-14",
"worms:272950","Mentodus eubranchus",,,0,,"2026-08-14",
"worms:273681","Psenes arafurensis",,,0,,"2026-08-14",
"worms:273682","Psenes sio","twospine driftfish","twospine driftfish",1,"worms","2026-08-14",
"worms:273683","Howella pammelas",,,0,,"2026-08-14",
"worms:275018","Astronesthes gibbsi",,,0,,"2026-08-14",
"worms:275441","Neoconger vermiformis",,,0,,"2026-08-14",
"worms:275449","Hoplunnis sicarius",,,0,,"2026-08-14",
"worms:275617","Scopelarchoides nicholsi",,,0,,"2026-08-14",
"worms:275835","Lestrolepis japonica","Japanese barracudina","Japanese barracudina",1,"worms","2026-08-14",
"worms:275888","Brotula clarkae","Pacific bearded brotula","Pacific bearded brotula",1,"worms","2026-08-14",
"worms:276330","Hypsoblennius proteus","Socorro blenny","Socorro blenny",1,"worms","2026-08-14",
"worms:276390","Cryptacanthodes aleutensis","dwarf wrymouth","dwarf wrymouth",1,"worms","2026-08-14",
"worms:276524","Lutjanus argentiventris","amarillo snapper","amarillo snapper",1,"worms","2026-08-14",
"worms:276856","Ammodytoides gilli","Panamic sand lance","Panamic sand lance",1,"worms","2026-08-14",
"worms:277414","Coloconger giganteus",,,0,,"2026-08-14",
"worms:279422","Hypomesus pretiosus","surf smelt","surf smelt",1,"worms","2026-08-14",
"worms:279522","Agonopsis vulsa","northern spearnose poacher","northern spearnose poacher",1,"worms","2026-08-14",
"worms:280053","Cebidichthys violaceus","monkeyface prickleback","monkeyface prickleback",1,"worms","2026-08-14",
"worms:280208","Clarkichthys bilineatus","flagtail wormfish","flagtail wormfish",1,"worms","2026-08-14",
"worms:280709","Erotelis armiger","flathead sleeper","flathead sleeper",1,"worms","2026-08-14",
"worms:280835","Gibbonsia metzi","striped kelpfish","striped kelpfish",1,"worms","2026-08-14",
"worms:280908","Gobulus crescentalis","crescent goby","crescent goby",1,"worms","2026-08-14",
"worms:281087","Hoplopagrus guentherii","barred pargo","barred pargo",1,"worms","2026-08-14",
"worms:281641","Nectoliparis pelagicus","tadpole snailfish","tadpole snailfish",1,"worms","2026-08-14",
"worms:281875","Oligocottus snyderi","fluffy sculpin","fluffy sculpin",1,"worms","2026-08-14",
"worms:282177","Parvilux boschmai",,,0,,"2026-08-14",
"worms:282555","Rathbunella alleni","stripefin ronquil","stripefin ronquil",1,"worms","2026-08-14",
"worms:293628","Merluccius gayi",,"chilean whiting | English hake | hake | Pacific hake | Peruvian hake | Peruvian whiting | silver hake | South Pacific hake | whiting",9,"worms","2026-08-14","multiple English vernaculars - pick one"
"worms:293677","Microdesmus multiradiatus",,,0,,"2026-08-14",
"worms:296195","Brachygenys",,,0,,"2026-08-14",
"worms:296480","Dasyscopelus",,,0,,"2026-08-14",
"worms:296648","Fowlerichthys",,,0,,"2026-08-14",
"worms:297924","Tetronarce",,,0,,"2026-08-14",
"worms:298011","Ulvicola",,,0,,"2026-08-14",
"worms:3","Plantae","plants","plants",1,"worms","2026-08-14",
"worms:301525","Lampanyctus idostigma",,,0,,"2026-08-14",
"worms:301537","Lampanyctus niger",,,0,,"2026-08-14",
"worms:317659","Dasyscopelus asper",,,0,,"2026-08-14",
"worms:325296","Taoniinae",,,0,,"2026-08-14",
"worms:325303","Todarodinae",,,0,,"2026-08-14",
"worms:325342","Decapodiformes",,,0,,"2026-08-14",
"worms:325343","Octopodiformes",,,0,,"2026-08-14",
"worms:325345","Pteropoda",,"pteropods | seabutterflies",2,"worms","2026-08-14","multiple English vernaculars - pick one"
"worms:341413","Berryteuthis",,,0,,"2026-08-14",
"worms:341417","Dosidicus",,,0,,"2026-08-14",
"worms:341421","Enoploteuthis",,,0,,"2026-08-14",
"worms:341425","Eucleoteuthis",,,0,,"2026-08-14",
"worms:341426","Euprymna",,,0,,"2026-08-14",
"worms:341428","Gonatopsis",,,0,,"2026-08-14",
"worms:341432","Hyaloteuthis",,,0,,"2026-08-14",
"worms:341438","Liguriella",,,0,,"2026-08-14",
"worms:341450","Nototodarus",,,0,,"2026-08-14",
"worms:341610","Pterosperma polygonum",,,0,,"2026-08-14",
"worms:341781","Haliphron atlanticus","Seven-arm octopus","Seven-arm octopus",1,"worms","2026-08-14",
"worms:341796","Chiroteuthis calyx","Calyсine long-armed squid","Calyсine long-armed squid",1,"worms","2026-08-14",
"worms:341798","Chiroteuthis imperator",,,0,,"2026-08-14",
"worms:341806","Galiteuthis pacifica",,,0,,"2026-08-14",
"worms:341807","Galiteuthis phyllura","Helmet squid","Helmet squid",1,"worms","2026-08-14",
"worms:341815","Leachia pacifica","Pacific Leach's cranch squid","Pacific Leach's cranch squid",1,"worms","2026-08-14",
"worms:341818","Liocranchia reinhardtii","Reinhardt's cranch squid","Reinhardt's cranch squid",1,"worms","2026-08-14",
"worms:341844","Abralia trigonura",,,0,,"2026-08-14",
"worms:341845","Abraliopsis affinis",,,0,,"2026-08-14",
"worms:341849","Abraliopsis felis","Clawed enope squid","Clawed enope squid",1,"worms","2026-08-14",
"worms:341868","Histioteuthis heteropsis",,,0,,"2026-08-14",
"worms:341901","Mastigoteuthis inermis",,,0,,"2026-08-14",
"worms:342057","Octopoteuthis deletron","Shabby octopus squid","Shabby octopus squid",1,"worms","2026-08-14",
"worms:342070","Onychoteuthis compacta",,,0,,"2026-08-14",
"worms:342104","Pterygioteuthis gemmata","Roundear enope squid","Roundear enope squid",1,"worms","2026-08-14",
"worms:342189","Heteroteuthis hawaiiensis",,,0,,"2026-08-14",
"worms:342242","Pyroteuthis addolux","Luminous fire squid","Luminous fire squid",1,"worms","2026-08-14",
"worms:342299","Enoploteuthis jonesi",,,0,,"2026-08-14",
"worms:342354","Liguriella podophthalma",,,0,,"2026-08-14",
"worms:345465","Ochrophyta",,"brown algae | yellow-green algae",2,"worms","2026-08-14","multiple English vernaculars - pick one"
"worms:368407","Neoselachii",,,0,,"2026-08-14",
"worms:368409","Batoidea",,,0,,"2026-08-14",
"worms:368663","Viridiplantae",,,0,,"2026-08-14",
"worms:368681","Nostocophycidae",,,0,,"2026-08-14",
"worms:368898","Heterokonta",,,0,,"2026-08-14",
"worms:369190","Haptophyta","haptophytes","haptophytes",1,"worms","2026-08-14",
"worms:370179","Richelia",,,0,,"2026-08-14",
"worms:370437","Heterokontophyta","golden and brown algae","golden and brown algae",1,"worms","2026-08-14",
"worms:370511","Cetartiodactyla",,,0,,"2026-08-14",
"worms:370545","Cetancodonta",,,0,,"2026-08-14",
"worms:376082","Pterosperma marginatum",,,0,,"2026-08-14",
"worms:376490","Richelia intracellularis",,,0,,"2026-08-14",
"worms:376690","Pterosperma cuboides",,,0,,"2026-08-14",
"worms:380416","Theria",,,0,,"2026-08-14",
"worms:380488","Sagmatias",,,0,,"2026-08-14",
"worms:382328","Bathyteuthoidea",,,0,,"2026-08-14",
"worms:382898","Panulirus interruptus",,"California lobster | California marine crayfish | California rock lobster | California spiny lobster | red lobster",5,"worms","2026-08-14","multiple English vernaculars - pick one"
"worms:383017","Achelata",,"bugs | spiny lobsters",2,"worms","2026-08-14","multiple English vernaculars - pick one"
"worms:387302","Grimothea",,,0,,"2026-08-14",
"worms:387338","Pterotracheoidea",,,0,,"2026-08-14",
"worms:390569","Scopeloberyx malayanus",,,0,,"2026-08-14",
"worms:395001","Myctophinae",,,0,,"2026-08-14",
"worms:397228","Mugiliformes",,,0,,"2026-08-14",
"worms:398363","Sigmops bathyphilus",,,0,,"2026-08-14",
"worms:398374","Lestidium bigelowi",,,0,,"2026-08-14",
"worms:410340","Bolitaena pygmaea","Pygmy pelagic octopus","Pygmy pelagic octopus",1,"worms","2026-08-14",
"worms:410349","Doryteuthis",,,0,,"2026-08-14",
"worms:410400","Stigmatoteuthis",,,0,,"2026-08-14",
"worms:439213","Metacarcinus",,,0,,"2026-08-14",
"worms:440388","Metacarcinus magister","Dungeness crab","Californian crab | Dungeness crab | Dungeness rock crab | Pacific crab",4,"worms","2026-08-14",
"worms:450030","Myzozoa",,,0,,"2026-08-14",
"worms:493822","Bacillariophytina",,,0,,"2026-08-14",
"worms:493939","Halobatinae",,,0,,"2026-08-14",
"worms:51","Mollusca","molluscs","molluscs",1,"worms","2026-08-14",
"worms:536209","Alveolata",,,0,,"2026-08-14",
"worms:559389","Leachia danae",,,0,,"2026-08-14",
"worms:559391","Cranchiinae",,,0,,"2026-08-14",
"worms:562482","Ommastrephinae",,,0,,"2026-08-14",
"worms:562620","Dinozoa","dinoflagellates","dinoflagellates",1,"worms","2026-08-14",
"worms:562645","Munididae",,,0,,"2026-08-14",
"worms:577970","Phaeocystales",,,0,,"2026-08-14",
"worms:582418","Hacrobia",,,0,,"2026-08-14",
"worms:582419","Harosa",,,0,,"2026-08-14",
"worms:582420","Rhizaria",,,0,,"2026-08-14",
"worms:582421","Radiozoa","radiolarians","radiolarians",1,"worms","2026-08-14",
"worms:592906","Coccolithophyceae",,,0,,"2026-08-14",
"worms:598944","Cryptophyta incertae sedis",,,0,,"2026-08-14",
"worms:599623","Katablepharidaceae",,,0,,"2026-08-14",
"worms:6","Bacteria","bacteria","bacteria",1,"worms","2026-08-14",
"worms:7","Chromista",,,0,,"2026-08-14",
"worms:710669","Blenniinae",,,0,,"2026-08-14",
"worms:710670","Salariinae",,,0,,"2026-08-14",
"worms:714643","Porichthyinae",,,0,,"2026-08-14",
"worms:714646","Dussumieriidae",,,0,,"2026-08-14",
"worms:714648","Haemulinae",,,0,,"2026-08-14",
"worms:719849","Pyrosomatinae",,,0,,"2026-08-14",
"worms:742052","Bolitaeninae",,,0,,"2026-08-14",
"worms:742053","Vitreledonellinae",,,0,,"2026-08-14",
"worms:754174","Errantia",,,0,,"2026-08-14",
"worms:801","Chlorophyta","green algae","green algae",1,"worms","2026-08-14",
"worms:818990","Octopoteuthis nielseni",,,0,,"2026-08-14",
"worms:826586","Zeniontidae",,,0,,"2026-08-14",
"worms:826591","Pseudamiinae",,,0,,"2026-08-14",
"worms:826593","Lepidopodinae",,,0,,"2026-08-14",
"worms:834047","Mastigotragus",,,0,,"2026-08-14",
"worms:843439","Eustomias",,,0,,"2026-08-14",
"worms:843664","Actinopteri",,,0,,"2026-08-14",
"worms:845957","Oligostraca",,,0,,"2026-08-14",
"worms:845959","Multicrustacea",,,0,,"2026-08-14",
"worms:869434","Gerromorpha",,,0,,"2026-08-14",
"worms:877776","Sepiolinae",,,0,,"2026-08-14",
"worms:877778","Heteroteuthinae",,,0,,"2026-08-14",
"worms:882","Annelida",,"annelids | European sea mouse | segmented worms",3,"worms","2026-08-14","multiple English vernaculars - pick one"
"worms:883","Polychaeta",,"bristle worms | polychaetes | polychete worms | polychetes",4,"worms","2026-08-14","multiple English vernaculars - pick one"
"worms:886274","Pyramimonadophyceae",,,0,,"2026-08-14",
"worms:892","Phyllodocida",,,0,,"2026-08-14",
"worms:930","Phyllodocida incertae sedis",,,0,,"2026-08-14",
"worms:958","Tomopteridae",,,0,,"2026-08-14",
"worms:987094","Chelonioidea",,"marine turtles | sea turtles",2,"worms","2026-08-14","multiple English vernaculars - pick one"
"worms:990804","Grammistidae",,,0,,"2026-08-14",
