<?xml version="1.0" encoding="UTF-8"?>
<archive xmlns="http://rs.tdwg.org/dwc/text/" 
         xmlns:xsi="http://www.w3.org/2001/XMLSchema-instance" 
         xsi:schemaLocation="http://rs.tdwg.org/dwc/text/ http://rs.tdwg.org/dwc/text/tdwg_dwc_text.xsd">
  <core encoding="UTF-8" fieldsTerminatedBy="," linesTerminatedBy="\n" 
        fieldsEnclosedBy='"' ignoreHeaderLines="1" rowType="http://rs.tdwg.org/dwc/terms/Event">
    <files>
      <location>event.csv</location>
    </files>
    <id index="0" />
    <field index="0" term="http://rs.tdwg.org/dwc/terms/eventID"/>
    <field index="1" term="http://rs.tdwg.org/dwc/terms/eventType"/>
    <field index="2" term="http://rs.tdwg.org/dwc/terms/eventDate"/>
    <field index="3" term="http://rs.tdwg.org/dwc/terms/samplingProtocol"/>
    <field index="4" term="http://rs.tdwg.org/dwc/terms/eventRemarks"/>
    <field index="5" term="http://rs.tdwg.org/dwc/terms/habitat"/>
    <field index="6" term="http://rs.tdwg.org/dwc/terms/parentEventID"/>
    <field index="7" term="http://rs.tdwg.org/dwc/terms/sampleSizeValue"/>
    <field index="8" term="http://rs.tdwg.org/dwc/terms/sampleSizeUnit"/>
    <field index="9" term="http://rs.tdwg.org/dwc/terms/decimalLatitude"/>
    <field index="10" term="http://rs.tdwg.org/dwc/terms/decimalLongitude"/>
    <field index="11" term="http://rs.tdwg.org/dwc/terms/locationID"/>
    <field index="12" term="http://rs.tdwg.org/dwc/terms/basisOfRecord"/>
    <field index="13" term="http://rs.tdwg.org/dwc/terms/geodeticDatum"/>
    <field index="14" term="http://rs.tdwg.org/dwc/terms/coordinateUncertaintyInMeters"/>
    <field index="15" term="http://rs.tdwg.org/dwc/terms/countryCode"/>
    <field index="16" term="http://rs.tdwg.org/dwc/terms/waterBody"/>
    <field index="17" term="http://rs.tdwg.org/dwc/terms/datasetID"/>
  </core>
  <extension encoding="UTF-8" fieldsTerminatedBy="," linesTerminatedBy="\n" 
             fieldsEnclosedBy='"' ignoreHeaderLines="1" rowType="http://rs.tdwg.org/dwc/terms/Occurrence">
    <files>
      <location>occurrence.csv</location>
    </files>
    <coreid index="1" />
    <field index="0" term="http://rs.tdwg.org/dwc/terms/occurrenceID"/>
    <field index="1" term="http://rs.tdwg.org/dwc/terms/eventID"/>
    <field index="2" term="http://rs.tdwg.org/dwc/terms/scientificName"/>
    <field index="3" term="http://rs.tdwg.org/dwc/terms/scientificNameID"/>
    <field index="4" term="http://rs.tdwg.org/dwc/terms/kingdom"/>
    <field index="5" term="http://rs.tdwg.org/dwc/terms/occurrenceStatus"/>
    <field index="6" term="http://rs.tdwg.org/dwc/terms/organismQuantity"/>
    <field index="7" term="http://rs.tdwg.org/dwc/terms/organismQuantityType"/>
    <field index="8" term="http://rs.tdwg.org/dwc/terms/lifeStage"/>
    <field index="9" term="http://rs.tdwg.org/dwc/terms/preparations"/>
    <field index="10" term="http://rs.tdwg.org/dwc/terms/occurrenceRemarks"/>
    <field index="11" term="http://purl.org/dc/terms/modified"/>
  </extension>
  <extension encoding="UTF-8" fieldsTerminatedBy="," linesTerminatedBy="\n" 
             fieldsEnclosedBy='"' ignoreHeaderLines="1" rowType="http://rs.tdwg.org/dwc/terms/MeasurementOrFact">
    <files>
      <location>measurementorfact.csv</location>
    </files>
    <coreid index="0" />
    <field index="0" term="http://rs.tdwg.org/dwc/terms/eventID"/>
    <field index="1" term="http://rs.tdwg.org/dwc/terms/measurementType"/>
    <field index="2" term="http://rs.tdwg.org/dwc/terms/measurementValue"/>
    <field index="3" term="http://rs.tdwg.org/dwc/terms/measurementID"/>
    <field index="4" term="http://rs.tdwg.org/dwc/terms/measurementUnit"/>
    <field index="5" term="http://rs.tdwg.org/dwc/terms/measurementMethod"/>
    <field index="6" term="http://rs.tdwg.org/dwc/terms/measurementRemarks"/>
    <field index="7" term="http://rs.tdwg.org/dwc/terms/occurrenceID"/>
  </extension>
</archive>
