id,cast_id,mld_sigma,castnosamples,castbottomsample
388,20-18045S-MX-099-14:20-09000900,56.4,16,271
389,20-18045S-MX-100-01:57-09000700,17.4,16,271
390,20-18045S-MX-100-07:34-09000600,12.9,16,271
391,20-18045S-MX-100-12:30-09000530,32,16,270
392,20-18045S-MX-100-23:37-09000370,12.1,16,270
393,20-18045S-MX-101-02:34-09000350,12,16,271
394,20-18045S-MX-101-06:27-09000300,11.3,16,270
395,20-18045S-MX-101-09:21-09000277,10.4,5,20
396,20-18045S-MX-101-10:20-09000280,10.6,8,60
397,20-18045S-MX-101-13:35-08850301,11.3,5,20
398,20-18045S-MX-101-21:43-08680325,11.4,5,24
399,20-18045S-MX-101-23:20-08670350,11,16,270
400,20-18045S-MX-102-02:50-08540358,10.6,6,40
401,20-18045S-MX-102-06:08-08670400,19,16,270
402,20-18045S-MX-102-11:19-08670450,31.2,16,273
403,20-18045S-MX-104-00:50-08670600,40.2,16,270
404,20-18045S-MX-104-07:41-08670700,49.7,16,269
405,20-18045S-MX-104-22:03-08670900,17.3,16,270
406,20-18045S-MX-105-03:38-08671000,17.5,16,271
407,20-18045S-MX-105-08:47-08671100,38.9,16,270
408,20-18045S-MX-105-20:50-08331000,30.6,16,269
409,20-18045S-MX-106-02:20-08330900,31.9,16,270
410,20-18045S-MX-106-07:37-08330800,28.3,16,270
411,20-18045S-MX-106-13:26-08330700,47.2,16,270
412,20-18045S-MX-106-23:34-08330550,10.7,16,270
413,20-18045S-MX-107-03:11-08330510,10.7,10,96
414,20-18045S-MX-107-08:49-08330420,28.5,12,130
415,20-18045S-MX-107-11:28-08330406,15.4,6,25
416,20-18045S-MX-107-13:02-08330394,11.3,4,15
417,20-18045S-MX-107-16:12-08170435,12.9,4,15
418,20-18045S-MX-108-00:02-08000505,13.9,4,15
419,20-18045S-MX-108-00:50-08000510,10.9,8,60
420,20-18045S-MX-108-03:48-08000550,21.7,17,270
421,20-18045S-MX-108-07:36-08000600,44.2,16,268
422,20-18045S-MX-108-20:04-08000800,40.7,16,270
423,20-18045S-MX-109-01:28-08000900,16.9,16,270
424,20-18045S-MX-109-06:52-08001000,19.8,16,269
425,20-18045S-MX-109-21:48-07670900,42.6,16,269
426,20-18045S-MX-110-03:31-07670800,42.6,16,270
427,20-18045S-MX-110-08:51-07670700,50.7,16,269
428,20-18045S-MX-110-14:43-07670600,51.1,16,270
429,20-18045S-MX-110-22:10-07670510,15.8,15,220
430,20-18045S-MX-111-00:51-07670490,27.4,8,60
431,20-18045S-MX-111-06:19-07330500,11.5,4,20
432,20-18045S-MX-111-09:37-07330550,12.9,10,270
433,20-18045S-MX-111-13:53-07330600,22.3,10,271
434,20-18045S-MX-111-19:09-07330700,20.6,10,269
435,20-18045S-MX-112-00:59-07330800,28.6,10,269
436,20-18045S-MX-112-09:19-07000900,28.3,10,270
437,20-18045S-MX-112-15:57-07000800,27.6,10,270
438,20-18045S-MX-112-22:12-07000700,26.9,10,270
439,20-18045S-MX-113-04:21-07000600,15.7,10,270
440,20-18045S-MX-113-08:08-07000550,19.5,10,271
441,20-18045S-MX-113-11:19-07000510,11.5,10,270
442,20-18045S-MX-113-18:31-06670500,13.9,9,185
443,20-18045S-MX-113-21:51-06670550,11.3,10,269
444,20-18045S-MX-114-01:16-06670600,14.5,10,269
445,20-18045S-MX-114-06:17-06670700,17,10,270
446,20-18045S-MX-114-11:32-06670800,17.5,10,270
447,20-18045S-MX-114-16:34-06670900,30.5,10,269
448,20-18045S-MX-114-21:55-06330900,17.6,10,269
449,20-18045S-MX-115-03:14-06330800,25.3,10,270
450,20-18045S-MX-115-08:10-06330700,11.9,10,271
451,20-18045S-MX-115-13:24-06330600,14.3,10,270
452,20-18045S-MX-115-17:02-06330550,16.5,10,270
453,20-18045S-MX-115-20:04-06330520,10.4,6,80
454,20-18045S-MX-116-01:10-06000530,11.4,6,80
455,20-18045S-MX-116-04:45-06000600,12.4,10,270
456,20-18045S-MX-116-09:39-06000700,12.6,10,270
457,20-18045S-MX-116-14:54-06000800,17.4,10,270
458,20-18045S-MX-116-20:00-06000900,16.3,10,269
459,20-18045S-PR-095-20:42-09330267,10.4,10,55
460,20-18045S-PR-096-17:59-09330450,14.7,19,268
461,20-18045S-PR-097-17:02-09330800,18.5,18,271
462,20-18045S-PR-098-18:45-09001200,26.7,18,271
463,20-18045S-PR-099-20:15-09000800,36,18,271
464,20-18045S-PR-100-18:07-09000450,12.1,17,270
465,20-18045S-PR-101-18:33-08670330,11,7,45
466,20-18045S-PR-102-15:35-08670500,32.3,9,63
467,20-18045S-PR-103-20:14-08670550,13.6,17,270
468,20-18045S-PR-104-17:13-08670800,55.4,19,270
469,20-18045S-PR-105-16:00-08331100,51.5,19,270
470,20-18045S-PR-106-19:23-08330600,16.2,18,269
471,20-18045S-PR-107-18:25-08180469,12.4,16,270
472,20-18045S-PR-108-15:30-08000700,38.7,18,269
473,20-18045S-PR-109-16:04-07671000,62.2,18,270
87,20-17045S-MX-091-09:24-09330900,51.2,16,270
88,20-17045S-MX-091-22:59-09331100,22.5,16,269
89,20-17045S-MX-092-04:45-09331200,38.7,16,270
90,20-17045S-MX-092-10:46-09001200,60.3,16,271
91,20-17045S-MX-092-22:53-09001000,20.9,16,269
92,20-17045S-MX-093-04:34-09000900,26.4,16,270
93,20-17045S-MX-093-10:24-09000800,23.3,16,271
94,20-17045S-MX-093-22:30-09000600,14.8,16,272
95,20-17045S-MX-094-03:13-09000530,14.1,16,270
96,20-17045S-MX-094-08:26-09000450,12.4,16,270
97,20-17045S-MX-094-13:56-09000370,12.7,16,270
98,20-17045S-MX-094-20:57-09000300,10.9,16,271
99,20-17045S-MX-094-23:49-09000280,12,9,70
100,20-17045S-MX-095-01:50-09000277,10.4,5,20
101,20-17045S-MX-095-04:04-08850301,10.4,5,20
102,20-17045S-MX-095-09:16-08540358,11.1,5,25
103,20-17045S-MX-095-11:49-08670350,11.2,16,271
104,20-17045S-MX-095-15:15-08680325,15,4,15
105,20-17045S-MX-095-21:37-08670400,10.9,16,269
106,20-17045S-MX-096-01:26-08670450,12.5,16,271
107,20-17045S-MX-096-05:12-08670500,17.4,9,70
108,20-17045S-MX-096-09:28-08670550,13.3,16,270
109,20-17045S-MX-096-13:17-08670600,11.9,16,272
110,20-17045S-MX-097-00:50-08670800,13,16,271
111,20-17045S-MX-097-06:14-08670900,12.5,16,270
112,20-17045S-MX-097-11:48-08671000,14.3,16,272
113,20-17045S-MX-097-23:53-08331100,13.5,16,271
114,20-17045S-MX-098-05:27-08331000,12.9,16,269
115,20-17045S-MX-098-11:23-08330900,13.3,16,269
116,20-17045S-MX-099-04:15-08330700,51,16,271
117,20-17045S-MX-099-11:58-08330600,21,16,269
118,20-17045S-MX-099-20:57-08330510,12.2,10,90
119,20-17045S-MX-100-02:37-08330420,12.4,13,161
120,20-17045S-MX-100-05:09-08330406,12.4,5,31
121,20-17045S-MX-100-06:38-08330394,10.9,4,20
122,20-17045S-MX-100-09:16-08170435,11.3,5,25
123,20-17045S-MX-100-11:20-08180469,10.9,16,270
124,20-17045S-MX-100-16:22-08000505,15.2,5,25
125,20-17045S-MX-100-20:12-08000550,22.4,16,271
126,20-17045S-MX-101-01:07-08000600,31.5,16,270
127,20-17045S-MX-101-06:42-08000700,42.1,16,270
128,20-17045S-MX-101-12:16-08000800,29.6,16,271
129,20-17045S-MX-102-00:23-08001000,14.3,16,271
130,20-17045S-MX-102-06:20-07671000,14.8,16,271
131,20-17045S-MX-102-11:49-07670900,12.1,16,271
132,20-17045S-MX-102-22:26-07670700,13.5,16,269
133,20-17045S-MX-103-03:56-07670600,12.7,16,271
134,20-17045S-MX-103-07:37-07670550,10.9,16,270
135,20-17045S-MX-103-10:47-07670510,11,15,210
136,20-17045S-MX-103-13:00-07670490,11.7,7,50
137,20-17045S-MX-103-21:01-07330550,19.1,10,270
138,20-17045S-MX-104-00:37-07330600,10.8,10,270
139,20-17045S-MX-104-06:24-07330700,21.3,10,271
140,20-17045S-MX-104-12:06-07330800,20.1,10,270
141,20-17045S-MX-104-18:03-07330900,12.3,10,270
142,20-17045S-MX-105-00:04-07000900,25.9,10,271
143,20-17045S-MX-105-21:27-06670500,11.6,10,271
144,20-17045S-MX-106-03:23-07000510,12,10,250
145,20-17045S-MX-106-06:34-07000550,13.9,10,271
146,20-17045S-MX-106-10:00-07000600,20.7,10,272
147,20-17045S-MX-106-15:17-07000700,26.2,10,270
148,20-17045S-MX-106-21:01-07000800,27,10,272
149,20-17045S-MX-107-05:13-06670900,28.2,10,270
150,20-17045S-MX-107-10:40-06670800,22.3,10,271
151,20-17045S-MX-107-15:58-06670700,12,10,270
152,20-17045S-MX-107-21:03-06670600,21.1,10,270
153,20-17045S-MX-108-01:42-06670550,11.6,10,270
154,20-17045S-MX-108-07:16-06330520,11.6,6,78
155,20-17045S-MX-108-10:05-06330550,11.1,10,297
156,20-17045S-MX-108-13:34-06330600,20.3,10,270
157,20-17045S-MX-108-18:51-06330700,18.2,10,270
158,20-17045S-MX-109-00:00-06330800,14.6,10,270
159,20-17045S-MX-109-05:20-06330900,13.1,10,270
160,20-17045S-MX-109-10:59-06000900,11.8,10,270
161,20-17045S-MX-109-16:16-06000800,16.5,10,272
162,20-17045S-MX-109-21:19-06000700,11.4,10,270
163,20-17045S-MX-110-02:50-06000600,11.4,9,271
164,20-17045S-MX-110-07:36-06000530,10.5,6,81
165,20-17045S-PR-088-18:28-09330350,10.8,17,271
166,20-17045S-PR-090-17:00-09330800,55.4,18,269
167,20-17045S-PR-091-09:22-09331000,58.2,18,273
168,20-17045S-PR-092-17:08-09001100,54.5,18,270
169,20-17045S-PR-093-16:26-09000700,11.6,16,270
170,20-17045S-PR-094-16:48-09000350,19.8,17,290
171,20-17045S-PR-095-16:55-08670330,13.7,8,45
172,20-17045S-PR-096-18:57-08670700,12.3,18,271
173,20-17045S-PR-097-17:57-08671100,19.2,18,270
174,20-17045S-PR-098-19:35-08330800,24.2,18,270
175,20-17045S-PR-099-17:06-08330550,61.9,18,267
176,20-17045S-PR-100-17:14-08000510,11.9,10,60
177,20-17045S-PR-101-18:28-08000900,13.3,17,270
178,20-17045S-PR-102-17:03-07670800,15.8,18,270
179,20-17045S-PR-103-18:02-07330500,14.6,7,35
180,20-1708SR-MX-213-22:36-09330267,10.1,7,52
181,20-1708SR-MX-214-00:58-09340265,15,4,15
182,20-1708SR-MX-214-02:34-09330280,10.1,16,270
183,20-1708SR-MX-214-05:59-09330300,10.2,16,270
184,20-1708SR-MX-214-10:05-09330350,10.9,16,272
185,20-1708SR-MX-214-14:12-09330400,11.3,16,271
186,20-1708SR-MX-214-22:39-09330500,13.4,16,272
187,20-1708SR-MX-215-02:26-09330550,12.7,16,270
188,20-1708SR-MX-215-06:33-09330600,19.9,16,270
189,20-1708SR-MX-215-12:16-09330700,20,16,270
190,20-1708SR-MX-215-23:36-09330900,10.9,16,270
191,20-1708SR-MX-216-05:09-09331000,12.8,16,270
192,20-1708SR-MX-216-10:35-09331100,17.5,16,271
193,20-1708SR-MX-216-23:49-09001100,13,16,270
194,20-1708SR-MX-217-05:48-09001000,11.7,16,271
195,20-1708SR-MX-217-12:07-09000900,16.2,16,270
196,20-1708SR-MX-218-00:10-09000700,10.7,16,270
197,20-1708SR-MX-218-06:13-09000600,10.6,16,270
198,20-1708SR-MX-218-11:22-09000530,11.1,16,270
199,20-1708SR-MX-218-22:06-09000370,10.3,16,270
200,20-1708SR-MX-219-01:21-09000350,10.2,16,270
201,20-1708SR-MX-219-05:41-09000300,10.9,16,270
202,20-1708SR-MX-219-08:43-09000280,10.2,8,55
203,20-1708SR-MX-219-10:28-09000277,10.2,4,15
204,20-1708SR-MX-219-12:50-08850301,15,4,15
205,20-1708SR-MX-219-16:24-08680325,10.5,4,15
206,20-1708SR-MX-219-19:45-08670350,10.1,16,270
207,20-1708SR-MX-219-23:52-08670400,10.3,16,270
208,20-1708SR-MX-220-04:15-08670450,10.3,15,270
209,20-1708SR-MX-220-08:36-08670500,14.2,9,70
210,20-1708SR-MX-220-12:20-08670550,20,16,270
211,20-1708SR-MX-220-22:35-08670700,17.3,16,270
212,20-1708SR-MX-221-04:31-08670800,13.9,16,270
213,20-1708SR-MX-221-10:05-08670900,12.6,16,270
214,20-1708SR-MX-221-21:29-08671100,10.8,16,270
215,20-1708SR-MX-222-03:14-08331100,11.9,16,270
216,20-1708SR-MX-222-09:02-08331000,13.6,16,270
217,20-1708SR-MX-222-20:39-08330800,27.6,16,269
218,20-1708SR-MX-223-02:18-08330700,20.3,16,270
219,20-1708SR-MX-223-08:41-08330600,29.5,16,270
220,20-1708SR-MX-223-13:07-08330550,20.7,16,270
221,20-1708SR-MX-223-23:44-08000600,14.5,16,270
222,20-1708SR-MX-224-05:53-08000700,23.6,16,270
223,20-1708SR-MX-224-12:25-08000800,30.1,16,270
224,20-1708SR-MX-225-00:32-08001000,26.5,16,270
225,20-1708SR-MX-225-07:06-07671000,41.8,16,270
226,20-1708SR-MX-225-12:50-07670900,32.5,16,270
227,20-1708SR-MX-226-00:13-07670700,15,16,270
228,20-1708SR-MX-226-06:20-07670600,20.2,16,270
229,20-1708SR-MX-226-10:18-07670550,10.6,16,271
230,20-1708SR-MX-226-13:45-07670510,12.2,15,226
231,20-1708SR-MX-227-04:12-08000550,10.9,17,270
232,20-1708SR-MX-227-08:16-08000510,12.8,9,70
233,20-1708SR-MX-227-10:13-08000505,10.7,4,15
234,20-1708SR-MX-227-19:04-08170435,,3,10
235,20-1708SR-MX-227-21:25-08330420,10.9,13,131
236,20-1708SR-MX-227-23:55-08330406,10.4,5,30
237,20-1708SR-MX-228-01:34-08330394,,3,10
238,20-1708SR-MX-228-04:49-08540358,,3,10
239,20-1708SR-PR-214-18:44-09330450,12.3,18,270
240,20-1708SR-PR-215-18:07-09330800,11.9,18,270
241,20-1708SR-PR-216-17:55-09001200,16.2,18,270
242,20-1708SR-PR-217-18:19-09000800,11.4,17,270
243,20-1708SR-PR-218-16:57-09000450,13.2,20,270
244,20-1708SR-PR-219-17:29-08670330,10.1,9,50
245,20-1708SR-PR-220-16:27-08670600,26.4,17,270
246,20-1708SR-PR-221-16:50-08671000,14,19,270
247,20-1708SR-PR-222-15:51-08330900,20.7,19,270
248,20-1708SR-PR-223-17:04-08330510,10.6,12,85
249,20-1708SR-PR-224-18:38-08000900,34.3,18,270
250,20-1708SR-PR-225-18:36-07670800,26.4,18,270
251,20-1708SR-PR-226-16:20-07670490,10.9,10,60
252,20-1708SR-PR-227-15:18-08180469,10.6,18,270
253,20-1711SR-MX-313-20:58-09340264,10.6,3,11
254,20-1711SR-MX-313-23:27-09170264,,3,12
255,20-1711SR-MX-314-02:00-09330280,10.6,16,271
256,20-1711SR-MX-314-05:31-09330300,10.4,16,270
257,20-1711SR-MX-314-09:32-09330350,12.1,16,271
258,20-1711SR-MX-314-13:47-09330400,20.2,16,271
259,20-1711SR-MX-314-22:07-09330500,11.1,16,271
260,20-1711SR-MX-315-02:17-09330550,28,16,270
261,20-1711SR-MX-315-06:53-09330600,11.2,16,270
262,20-1711SR-MX-315-12:53-09330700,26.1,16,270
263,20-1711SR-MX-316-00:35-09330900,15,16,271
264,20-1711SR-MX-316-06:20-09331000,16.8,16,271
265,20-1711SR-MX-316-12:12-09331100,20.1,16,271
266,20-1711SR-MX-316-23:50-09001200,17.8,16,271
267,20-1711SR-MX-317-05:45-09001100,13.2,16,271
268,20-1711SR-MX-317-11:45-09001000,14.7,17,271
269,20-1711SR-MX-317-23:46-09000800,26.3,16,271
270,20-1711SR-MX-318-05:54-09000700,29.6,16,270
271,20-1711SR-MX-318-12:12-09000600,30.2,16,270
272,20-1711SR-MX-319-02:06-09000370,11.7,16,270
273,20-1711SR-MX-319-05:36-09000350,10.5,16,271
274,20-1711SR-MX-319-09:50-09000300,10.3,16,270
275,20-1711SR-MX-319-14:33-09000277,11.5,5,22
276,20-1711SR-MX-319-19:07-08850301,,3,11
277,20-1711SR-MX-319-22:57-08680325,11.1,4,21
278,20-1711SR-MX-319-23:41-08670330,11.2,5,50
279,20-1711SR-MX-320-01:53-08670350,10.5,16,270
280,20-1711SR-MX-320-05:55-08540358,10.4,5,27
281,20-1711SR-MX-320-08:42-08670400,10.6,16,271
282,20-1711SR-MX-320-13:21-08670450,10.3,16,270
283,20-1711SR-MX-320-21:17-08670550,31.5,16,271
284,20-1711SR-MX-321-03:21-08330550,11.6,16,270
285,20-1711SR-MX-321-07:26-08330510,18.3,9,86
286,20-1711SR-MX-321-13:25-08330420,10.7,10,101
287,20-1711SR-MX-321-16:01-08330394,15,4,15
288,20-1711SR-MX-321-20:43-08170435,15,4,15
289,20-1711SR-MX-321-22:45-08180469,11.5,16,270
290,20-1711SR-MX-322-03:42-08000505,11.2,5,20
291,20-1711SR-MX-322-04:37-08000510,11.3,8,60
292,20-1711SR-MX-322-10:26-08000600,31.3,16,270
293,20-1711SR-MX-322-22:44-08000800,12.5,16,271
294,20-1711SR-MX-323-04:55-08000900,10.7,16,270
295,20-1711SR-MX-323-11:08-08001000,28.3,17,270
296,20-1711SR-MX-323-22:49-07670900,22.4,16,270
297,20-1711SR-MX-324-04:16-07670800,30,16,270
298,20-1711SR-MX-324-10:07-07670700,30.8,16,270
299,20-1711SR-MX-324-19:34-07670550,28.9,16,271
300,20-1711SR-MX-324-23:13-07670510,11.9,15,231
301,20-1711SR-MX-325-01:44-07670490,11.4,7,52
302,20-1711SR-MX-325-07:09-08000550,17.1,17,270
303,20-1711SR-MX-325-13:43-08330600,24.8,16,270
304,20-1711SR-MX-326-01:47-08330800,13.5,16,271
305,20-1711SR-MX-326-07:12-08330900,17.1,16,270
306,20-1711SR-MX-326-12:39-08331000,19.8,16,270
307,20-1711SR-MX-326-23:42-08671100,15.6,16,270
308,20-1711SR-MX-327-05:16-08671000,36.2,16,270
309,20-1711SR-MX-327-11:08-08670900,16.6,16,270
310,20-1711SR-MX-327-22:23-08670700,22.8,16,270
311,20-1711SR-MX-328-04:27-08670600,18.3,16,270
312,20-1711SR-PR-313-19:19-09330267,10.3,7,52
313,20-1711SR-PR-314-18:00-09330450,18.8,19,271
314,20-1711SR-PR-315-18:55-09330800,17,18,270
315,20-1711SR-PR-316-18:10-09331200,28.2,18,270
316,20-1711SR-PR-317-18:00-09000900,31.3,17,271
317,20-1711SR-PR-318-17:36-09000530,35.4,17,270
318,20-1711SR-PR-319-16:52-09000280,10.3,8,52
319,20-1711SR-PR-320-17:43-08670500,12.1,9,70
320,20-1711SR-PR-321-17:31-08330406,10.3,5,29
321,20-1711SR-PR-322-17:47-08000700,27,17,271
322,20-1711SR-PR-323-17:26-07671000,17.4,17,271
323,20-1711SR-PR-324-16:50-07670600,40.8,18,271
324,20-1711SR-PR-325-19:42-08330700,21.3,18,270
325,20-1711SR-PR-326-18:20-08331100,14.1,19,270
326,20-1711SR-PR-327-16:51-08670800,37.3,19,271
327,20-18025S-MX-032-22:06-09330300,26.9,16,271
328,20-18025S-MX-033-03:39-09000280,11.3,9,65
329,20-18025S-MX-033-06:16-09000300,14.6,16,270
330,20-18025S-MX-033-10:11-09000350,13.9,16,273
331,20-18025S-MX-033-13:01-09000370,25.2,16,270
332,20-18025S-MX-033-18:16-09000450,30.1,16,269
333,20-18025S-MX-033-23:23-09000530,19,16,270
334,20-18025S-MX-034-03:52-09000600,16.2,16,270
335,20-18025S-MX-034-09:12-09000700,32.6,16,270
336,20-18025S-MX-034-14:41-09000800,13.6,16,270
337,20-18025S-MX-034-20:22-09000900,27.7,16,270
338,20-18025S-MX-035-01:40-09001000,17.4,16,270
339,20-18025S-MX-035-07:02-08671000,41.2,16,270
340,20-18025S-MX-035-12:22-08670900,28.3,16,270
341,20-18025S-MX-035-17:50-08670800,25.1,16,270
342,20-18025S-MX-035-23:20-08670700,21.9,16,269
343,20-18025S-MX-036-04:50-08670600,12.1,16,270
344,20-18025S-MX-036-08:52-08670550,32.9,16,271
345,20-18025S-MX-036-12:57-08670500,13.4,9,69
346,20-18025S-MX-036-16:15-08670450,11.5,16,270
347,20-18025S-MX-036-20:32-08670400,18.2,16,270
348,20-18025S-MX-037-00:35-08670350,13.6,16,270
349,20-18025S-MX-037-03:20-08670330,11.7,7,50
350,20-18025S-MX-037-09:02-08330406,13.2,5,30
351,20-18025S-MX-037-10:49-08330420,11.8,10,150
352,20-18025S-MX-037-14:48-08180469,12.8,16,270
353,20-18025S-MX-037-20:08-08330510,11.1,10,90
354,20-18025S-MX-037-22:59-08330550,20.8,16,270
355,20-18025S-MX-038-03:11-08330600,14.7,16,270
356,20-18025S-MX-038-08:32-08330700,11.9,16,271
357,20-18025S-MX-038-14:05-08330800,13.1,16,270
358,20-18025S-MX-038-19:39-08330900,38.9,16,270
359,20-18025S-MX-039-00:46-08331000,58.8,16,270
360,20-18025S-MX-039-05:34-08001000,68.09999999999999,16,271
361,20-18025S-MX-039-10:39-08000900,31,16,270
362,20-18025S-MX-039-16:24-08000800,21,16,272
363,20-18025S-MX-039-22:03-08000700,16.3,16,270
364,20-18025S-MX-040-03:47-08000600,20.5,16,271
365,20-18025S-MX-040-07:40-08000550,20.3,16,271
366,20-18025S-MX-040-11:41-08000510,11.4,8,66
367,20-18025S-MX-040-17:01-07670490,22.8,7,54
368,20-18025S-MX-040-19:12-07670510,21.5,15,228
369,20-18025S-MX-040-22:23-07670550,19.7,16,270
370,20-18025S-MX-041-02:07-07670600,12.8,16,270
371,20-18025S-MX-041-07:12-07670700,32,16,269
372,20-18045S-MX-095-22:28-09340264,11.2,4,17
373,20-18045S-MX-096-00:57-09170264,10.7,4,16
374,20-18045S-MX-096-03:21-09330280,11.2,16,271
375,20-18045S-MX-096-05:56-09330300,12.5,16,271
376,20-18045S-MX-096-09:34-09330350,11.8,16,270
377,20-18045S-MX-096-13:54-09330400,20.6,16,271
378,20-18045S-MX-096-22:06-09330500,25.3,16,270
379,20-18045S-MX-097-01:48-09330550,28.2,16,270
380,20-18045S-MX-097-05:23-09330600,34.6,16,270
381,20-18045S-MX-097-10:38-09330700,19.8,16,270
382,20-18045S-MX-097-21:23-09330900,15.5,16,270
383,20-18045S-MX-098-02:46-09331000,14,16,270
384,20-18045S-MX-098-07:54-09331100,13.7,16,269
385,20-18045S-MX-098-13:14-09331200,12.5,16,271
386,20-18045S-MX-099-00:56-09001100,17.8,16,271
387,20-18045S-MX-099-07:24-09001000,38.8,16,271
474,20-18045S-PR-110-18:44-07670550,28.2,19,270
475,20-1806SR-MX-160-21:03-09330280,11.1,16,271
476,20-1806SR-MX-161-00:00-09330300,10.3,16,271
477,20-1806SR-MX-161-04:20-09330350,10.3,16,272
478,20-1806SR-MX-161-08:45-09330400,10.7,16,270
479,20-1806SR-MX-161-13:05-09330450,11.3,16,270
480,20-1806SR-MX-161-21:41-09330550,18.9,17,270
481,20-1806SR-MX-162-01:57-09330600,28.1,16,269
482,20-1806SR-MX-162-08:06-09330700,22,16,270
483,20-1806SR-MX-162-14:14-09330800,39.4,16,270
484,20-1806SR-MX-163-02:29-09331000,33.9,16,270
485,20-1806SR-MX-163-08:16-09331100,64.90000000000001,16,270
486,20-1806SR-MX-163-20:57-09001200,60.1,16,271
487,20-1806SR-MX-164-03:37-09001100,54.5,16,269
488,20-1806SR-MX-164-09:57-09001000,51.7,16,270
489,20-1806SR-MX-164-23:04-09000800,14.2,16,271
490,20-1806SR-MX-165-05:44-09000700,18.7,16,271
491,20-1806SR-MX-165-12:19-09000600,13.7,16,270
492,20-1806SR-MX-165-23:13-09000450,10.4,16,270
493,20-1806SR-MX-166-05:06-09000370,10.3,16,271
494,20-1806SR-MX-166-08:17-09000350,11.3,16,270
495,20-1806SR-MX-166-12:32-09000300,10.5,16,270
496,20-1806SR-MX-166-15:25-09000277,,3,10
497,20-1806SR-MX-166-19:51-08850301,10.3,4,15
498,20-1806SR-MX-166-23:25-08680325,10.7,4,20
499,20-1806SR-MX-167-00:19-08670330,10.3,6,50
500,20-1806SR-MX-167-02:37-08670350,12.1,16,270
501,20-1806SR-MX-167-06:52-08670400,10.2,16,270
502,20-1806SR-MX-167-11:17-08670450,10.2,16,270
503,20-1806SR-MX-167-15:25-08670500,10.4,9,70
504,20-1806SR-MX-167-23:44-08670600,11.6,16,270
505,20-1806SR-MX-168-06:16-08670700,50,16,270
506,20-1806SR-MX-168-12:27-08670800,59.8,16,270
507,20-1806SR-MX-169-01:00-08671000,43,16,270
508,20-1806SR-MX-169-06:49-08671100,47.2,16,272
509,20-1806SR-MX-169-12:38-08331100,50.2,16,270
510,20-1806SR-MX-170-00:19-08330900,15.5,16,269
511,20-1806SR-MX-170-06:07-08330800,19.8,16,271
512,20-1806SR-MX-170-11:49-08330700,19.5,16,270
513,20-1806SR-MX-170-22:26-08330550,10.6,16,270
514,20-1806SR-MX-171-02:21-08330510,10.5,9,91
515,20-1806SR-MX-171-08:31-08000550,24.5,17,270
516,20-1806SR-MX-171-12:52-08000600,22.7,16,270
517,20-1806SR-MX-172-01:48-08000800,36.9,15,270
518,20-1806SR-MX-172-08:07-08000900,27.1,16,271
519,20-1806SR-MX-172-14:11-08001000,44.1,16,271
520,20-1806SR-MX-173-03:00-07670900,40.6,16,270
521,20-1806SR-MX-173-09:15-07670800,23.7,16,270
522,20-1806SR-MX-173-21:44-07670600,17.7,16,270
523,20-1806SR-MX-174-01:49-07670550,35.4,16,270
524,20-1806SR-MX-174-05:31-07670510,12.2,15,230
525,20-1806SR-MX-174-08:13-07670490,11,8,60
526,20-1806SR-MX-174-13:35-08000510,11.9,9,68
527,20-1806SR-MX-174-15:11-08000505,10.8,4,15
528,20-1806SR-MX-174-22:39-08170435,10.6,5,19
529,20-1806SR-MX-175-01:09-08330420,10.4,11,126
530,20-1806SR-MX-175-03:14-08330406,10.4,5,30
531,20-1806SR-MX-175-04:41-08330394,10.6,4,17
532,20-1806SR-PR-160-18:31-09330267,10.1,9,52
533,20-1806SR-PR-161-17:27-09330500,11.5,18,270
534,20-1806SR-PR-162-20:34-09330900,39.1,19,271
535,20-1806SR-PR-163-15:27-09331200,54.4,18,271
536,20-1806SR-PR-164-17:51-09000900,20.5,19,271
537,20-1806SR-PR-165-17:46-09000530,15.2,18,271
538,20-1806SR-PR-166-17:21-09000280,11.9,12,92
539,20-1806SR-PR-167-19:29-08670550,25.3,19,271
540,20-1806SR-PR-168-18:21-08670900,55.7,18,270
541,20-1806SR-PR-169-18:36-08331000,51.8,18,270
542,20-1806SR-PR-170-18:07-08330600,20.2,18,270
543,20-1806SR-PR-171-19:23-08000700,45.8,18,271
544,20-1806SR-PR-172-20:47-07671000,34.6,19,270
545,20-1806SR-PR-173-16:32-07670700,35.1,18,271
546,20-1806SR-PR-174-18:41-08180469,10.4,17,270
547,20-1810SR-MX-287-20:31-09340264,11.3,4,15
548,20-1810SR-MX-287-23:04-09170264,10.8,4,15
549,20-1810SR-MX-288-01:50-09330280,10.4,16,270
550,20-1810SR-MX-288-04:43-09330300,14,16,270
551,20-1810SR-MX-288-08:52-09330350,15.7,16,270
552,20-1810SR-MX-288-12:57-09330400,25,16,270
553,20-1810SR-MX-288-21:49-09330500,14.7,16,270
554,20-1810SR-MX-289-02:03-09330550,16.6,16,270
555,20-1810SR-MX-289-06:12-09330600,26.3,16,270
556,20-1810SR-MX-289-12:23-09330700,17.5,16,270
557,20-1810SR-MX-290-00:19-09330900,20.9,16,270
558,20-1810SR-MX-290-06:15-09331000,40.5,16,270
559,20-1810SR-MX-290-12:11-09331100,28.9,16,270
560,20-1810SR-MX-291-00:13-09001200,37.4,16,270
561,20-1810SR-MX-291-06:35-09001100,25.2,16,270
562,20-1810SR-MX-291-12:47-09001000,25.6,16,271
563,20-1810SR-MX-292-01:36-09000800,27.8,16,270
564,20-1810SR-MX-292-08:00-09000700,20.2,16,271
565,20-1810SR-MX-292-14:19-09000600,21.1,16,270
566,20-1810SR-MX-293-00:55-09000450,20.1,16,270
567,20-1810SR-MX-293-06:33-09000370,10.3,16,270
568,20-1810SR-MX-293-09:37-09000350,10.3,16,270
569,20-1810SR-MX-293-13:38-09000300,11.2,16,270
570,20-1810SR-MX-293-18:39-09000277,17,4,17
571,20-1810SR-MX-293-21:05-08850301,10.3,4,15
572,20-1810SR-MX-294-00:53-08680325,10.3,5,19
573,20-1810SR-MX-294-01:46-08670330,10.4,7,50
574,20-1810SR-MX-294-03:57-08670350,10.4,16,271
575,20-1810SR-MX-294-08:07-08670400,11.2,16,270
576,20-1810SR-MX-294-12:53-08670450,10.3,16,270
577,20-1810SR-MX-294-20:39-08670550,20.8,16,270
578,20-1810SR-MX-295-00:50-08670600,25.3,16,270
579,20-1810SR-MX-295-07:07-08670700,11.8,16,270
580,20-1810SR-MX-295-13:37-08670800,25.9,15,270
581,20-1810SR-MX-296-01:26-08671000,50.1,16,270
582,20-1810SR-MX-296-07:07-08671100,40.3,16,270
583,20-1810SR-MX-296-12:52-08331100,50.2,16,270
584,20-1810SR-MX-297-00:51-08330900,50.2,16,270
585,20-1810SR-MX-297-06:50-08330800,31.6,16,271
586,20-1810SR-MX-297-12:51-08330700,31.6,16,270
587,20-1810SR-MX-297-23:48-08330550,21.1,16,270
588,20-1810SR-MX-298-03:41-08330510,10.6,10,90
589,20-1810SR-MX-298-09:37-08000550,20.5,17,270
590,20-1810SR-MX-298-20:26-08000700,25.4,16,270
591,20-1810SR-MX-299-02:51-08000800,21.6,16,270
592,20-1810SR-MX-299-09:12-08000900,14.1,16,270
593,20-1810SR-MX-299-21:32-07671000,37.1,16,271
594,20-1810SR-MX-300-03:25-07670900,15.3,16,271
595,20-1810SR-MX-300-09:15-07670800,40.5,16,270
596,20-1810SR-MX-300-20:59-07670600,30.4,16,272
597,20-1810SR-MX-301-01:02-07670550,12.7,16,270
598,20-1810SR-MX-301-04:46-07670510,18.4,15,230
599,20-1810SR-MX-301-07:22-07670490,11.3,8,61
600,20-1810SR-MX-301-12:59-08000510,10.3,9,70
601,20-1810SR-MX-301-14:40-08000505,10.8,4,15
602,20-1810SR-MX-301-22:00-08170435,10.7,5,17
603,20-1810SR-MX-302-00:45-08330394,11.8,4,15
604,20-1810SR-MX-302-01:38-08330406,10.6,5,25
605,20-1810SR-MX-302-03:21-08330420,11.9,11,125
606,20-1810SR-PR-287-18:28-09330267,11,8,58
607,20-1810SR-PR-288-17:28-09330450,16.3,18,271
608,20-1810SR-PR-289-18:23-09330800,22.6,19,272
609,20-1810SR-PR-290-18:10-09331200,31.1,18,270
610,20-1810SR-PR-291-19:05-09000900,23.4,17,270
611,20-1810SR-PR-292-19:30-09000530,20.5,18,270
612,20-1810SR-PR-293-16:39-09000280,10.6,10,59
613,20-1810SR-PR-294-17:50-08670500,16.1,10,67
614,20-1810SR-PR-295-19:43-08670900,36,19,269
615,20-1810SR-PR-296-18:44-08331000,45.4,19,271
616,20-1810SR-PR-297-19:15-08330600,29.5,17,270
617,20-1810SR-PR-298-15:36-08000600,28.7,18,270
618,20-1810SR-PR-299-16:24-08001000,53.7,18,271
619,20-1810SR-PR-300-16:05-07670700,31.4,18,271
620,20-1810SR-PR-301-18:15-08180469,14.4,17,232
1,20-1701RL-MX-006-02:18-09330267,18.6,6,55
2,20-1701RL-MX-006-03:52-09340264,14.7,5,25
3,20-1701RL-MX-006-06:22-09170264,11.8,5,25
4,20-1701RL-MX-006-08:58-09330280,21.3,16,270
5,20-1701RL-MX-006-11:38-09330300,21.6,16,270
6,20-1701RL-MX-006-15:16-09330350,23,16,270
7,20-1701RL-MX-006-23:00-09330450,33.7,16,270
8,20-1701RL-MX-007-02:33-09330500,16.4,16,270
9,20-1701RL-MX-007-06:09-09330550,15.6,16,270
10,20-1701RL-MX-007-09:52-09330600,14.4,16,270
11,20-1701RL-MX-007-21:36-09330800,12.9,16,270
12,20-1701RL-MX-008-03:25-09330900,16.5,16,271
13,20-1701RL-MX-008-08:57-09331000,19.3,16,270
14,20-1701RL-MX-009-01:11-09331200,43.2,16,271
15,20-1701RL-MX-009-06:08-09001200,80,16,271
16,20-1701RL-MX-009-11:53-09001100,42.4,16,270
17,20-1701RL-MX-009-23:34-09000900,14.2,16,270
18,20-1701RL-MX-010-05:23-09000800,13.7,16,271
19,20-1701RL-MX-010-10:58-09000700,12.6,16,270
20,20-1701RL-MX-010-21:47-09000530,12.3,16,270
21,20-1701RL-MX-011-03:10-09000450,11.9,16,270
22,20-1701RL-MX-011-08:33-09000370,17.2,16,271
23,20-1701RL-MX-011-11:43-09000350,12.3,16,271
24,20-1701RL-MX-011-20:35-09000280,14.4,8,55
25,20-1701RL-MX-011-22:20-09000277,11.7,5,25
26,20-1701RL-MX-012-00:59-08850301,10.7,4,15
27,20-1701RL-MX-012-04:36-08680325,10.9,5,20
28,20-1701RL-MX-012-05:19-08670330,11,7,50
29,20-1701RL-MX-012-08:18-08540358,11.5,6,40
30,20-1701RL-MX-012-10:32-08670350,12.1,16,270
31,20-1701RL-MX-012-14:36-08670400,16.6,16,270
32,20-1701RL-MX-013-00:04-08670500,21,8,71
33,20-1701RL-MX-013-03:27-08670550,15.3,16,269
34,20-1701RL-MX-013-07:16-08670600,35.2,16,271
35,20-1701RL-MX-013-13:14-08670700,51.8,16,271
36,20-1701RL-MX-014-00:44-08670900,27.7,16,270
37,20-1701RL-MX-014-06:18-08671000,31.1,16,270
38,20-1701RL-MX-014-12:26-08671100,35.8,16,270
39,20-1701RL-MX-015-00:46-08331000,34.5,16,270
40,20-1701RL-MX-015-06:33-08330900,50.6,16,270
41,20-1701RL-MX-015-12:31-08330800,45.1,16,269
42,20-1701RL-MX-016-00:33-08330600,40.5,16,270
43,20-1701RL-MX-016-04:39-08330550,30.9,16,270
44,20-1701RL-MX-016-08:15-08330510,20.8,10,100
45,20-1701RL-MX-016-14:32-08330420,17.7,10,100
46,20-1701RL-MX-016-16:59-08330394,,3,10
47,20-1701RL-MX-016-20:56-08170435,25,5,25
48,20-1701RL-MX-016-22:58-08180469,21.5,16,270
49,20-1701RL-MX-017-03:24-08000505,20.5,5,25
50,20-1701RL-MX-017-04:07-08000510,20.5,8,64
51,20-1701RL-MX-017-06:49-08000550,31.1,16,270
52,20-1701RL-MX-017-10:49-08000600,24.9,16,271
53,20-1701RL-MX-017-22:34-08000800,17.1,16,270
54,20-1701RL-MX-018-04:16-08000900,14.3,16,269
55,20-1701RL-MX-018-09:56-08001000,44.2,16,270
56,20-1701RL-MX-018-22:07-07670900,61.9,16,270
57,20-1701RL-MX-019-03:40-07670800,25.9,16,271
58,20-1701RL-MX-019-08:47-07670700,51.2,16,271
59,20-1701RL-MX-019-14:56-07670600,31.8,16,269
60,20-1701RL-MX-019-22:59-07670510,25.7,16,243
61,20-1701RL-MX-020-01:38-07670490,17.7,7,50
62,20-1701RL-PR-006-19:05-09330400,27.5,18,270
63,20-1701RL-PR-007-16:45-09330700,20.4,17,271
64,20-1701RL-PR-008-15:36-09331100,29.5,18,270
65,20-1701RL-PR-009-17:48-09001000,35.5,17,270
66,20-1701RL-PR-010-18:18-09000600,15.3,18,270
67,20-1701RL-PR-011-17:01-09000300,25.8,17,270
68,20-1701RL-PR-012-18:51-08670450,13.4,17,270
69,20-1701RL-PR-013-19:08-08670800,28.8,18,271
70,20-1701RL-PR-014-18:51-08331100,35,17,270
71,20-1701RL-PR-015-18:27-08330700,45.2,17,271
72,20-1701RL-PR-016-17:59-08330406,12.4,5,26
73,20-1701RL-PR-017-17:49-08000700,21.5,18,270
74,20-1701RL-PR-018-17:22-07671000,81.3,19,270
75,20-1701RL-PR-019-19:14-07670550,32,17,269
76,20-17045S-MX-088-04:08-09330267,10.3,14,202
77,20-17045S-MX-088-06:26-09340264,10.4,5,30
78,20-17045S-MX-088-09:05-09170264,11,4,20
79,20-17045S-MX-088-11:34-09330280,10.4,16,270
80,20-17045S-MX-088-14:22-09330300,10.6,16,270
81,20-17045S-MX-088-23:41-09330400,22,16,271
82,20-17045S-MX-089-03:38-09330450,15.7,16,269
83,20-17045S-MX-089-07:08-09330500,15,16,270
84,20-17045S-MX-089-10:42-09330550,22.6,16,271
85,20-17045S-MX-089-14:34-09330600,51.3,16,270
86,20-17045S-MX-089-21:18-09330700,45.4,16,271
