cast_no,cast_id,ncdepth,nodepths
1,20-1701RL-MX-006-02:18-09330267,31,8
2,20-1701RL-MX-006-03:52-09340264,25,6
3,20-1701RL-MX-006-06:22-09170264,15.488893,6
4,20-1701RL-MX-006-08:58-09330280,30.082645,16
5,20-1701RL-MX-006-11:38-09330300,26.369427,15
6,20-1701RL-MX-006-15:16-09330350,33.161514,15
7,20-1701RL-MX-006-23:00-09330450,50.529532,16
8,20-1701RL-MX-007-02:33-09330500,38.478272,14
9,20-1701RL-MX-007-06:09-09330550,60.757101,16
10,20-1701RL-MX-007-09:52-09330600,61.27953,16
11,20-1701RL-MX-007-21:36-09330800,65.47429099999999,15
12,20-1701RL-MX-008-03:25-09330900,74.500012,15
13,20-1701RL-MX-008-08:57-09331000,81.242941,16
14,20-1701RL-MX-009-01:11-09331200,124.389391,16
15,20-1701RL-MX-009-06:08-09001200,121.285721,16
16,20-1701RL-MX-009-11:53-09001100,99.74511099999999,16
17,20-1701RL-MX-009-23:34-09000900,61.764717,16
18,20-1701RL-MX-010-05:23-09000800,61.108988,16
19,20-1701RL-MX-010-10:58-09000700,50.157068,16
20,20-1701RL-MX-010-21:47-09000530,41.182806,16
21,20-1701RL-MX-011-03:10-09000450,23.730167,16
22,20-1701RL-MX-011-08:33-09000370,31.492538,16
23,20-1701RL-MX-011-11:43-09000350,23.484322,16
24,20-1701RL-MX-011-20:35-09000280,31.276949,9
25,20-1701RL-MX-011-22:20-09000277,23.482149,6
26,20-1701RL-MX-012-00:59-08850301,2,5
27,20-1701RL-MX-012-04:36-08680325,20,6
28,20-1701RL-MX-012-05:19-08670330,13.53357,8
29,20-1701RL-MX-012-08:18-08540358,15.412848,7
30,20-1701RL-MX-012-10:32-08670350,22.688172,16
31,20-1701RL-MX-012-14:36-08670400,32.67602,16
32,20-1701RL-MX-013-00:04-08670500,20.316456,9
33,20-1701RL-MX-013-03:27-08670550,14.210542,16
34,20-1701RL-MX-013-07:16-08670600,54.833343,15
35,20-1701RL-MX-013-13:14-08670700,64.53551899999999,16
36,20-1701RL-MX-014-00:44-08670900,70.12903799999999,16
37,20-1701RL-MX-014-06:18-08671000,73.547828,16
38,20-1701RL-MX-014-12:26-08671100,67.027406,16
39,20-1701RL-MX-015-00:46-08331000,43.57143,16
40,20-1701RL-MX-015-06:33-08330900,61.71875,16
41,20-1701RL-MX-015-12:31-08330800,56.756757,15
42,20-1701RL-MX-016-00:33-08330600,48.484859,16
43,20-1701RL-MX-016-04:39-08330550,3,16
44,20-1701RL-MX-016-08:15-08330510,2,11
45,20-1701RL-MX-016-14:32-08330420,30.142352,11
46,20-1701RL-MX-016-16:59-08330394,2,4
47,20-1701RL-MX-016-20:56-08170435,1,6
48,20-1701RL-MX-016-22:58-08180469,2,16
49,20-1701RL-MX-017-03:24-08000505,2,5
50,20-1701RL-MX-017-04:07-08000510,2,9
51,20-1701RL-MX-017-06:49-08000550,2,16
52,20-1701RL-MX-017-10:49-08000600,35.959606,16
53,20-1701RL-MX-017-22:34-08000800,57.325581,16
54,20-1701RL-MX-018-04:16-08000900,70.686702,16
55,20-1701RL-MX-018-09:56-08001000,51.707317,16
56,20-1701RL-MX-018-22:07-07670900,77.117982,16
57,20-1701RL-MX-019-03:40-07670800,21.142857,16
58,20-1701RL-MX-019-08:47-07670700,2,16
59,20-1701RL-MX-019-14:56-07670600,35.054054,16
60,20-1701RL-MX-019-22:59-07670510,4,16
61,20-1701RL-MX-020-01:38-07670490,1,8
62,20-1701RL-PR-006-19:05-09330400,48.792115,18
63,20-1701RL-PR-007-16:45-09330700,67.436977,17
64,20-1701RL-PR-008-15:36-09331100,103.196721,18
65,20-1701RL-PR-009-17:48-09001000,89.062827,16
66,20-1701RL-PR-010-18:18-09000600,41.307694,18
67,20-1701RL-PR-011-17:01-09000300,37.147465,17
68,20-1701RL-PR-012-18:51-08670450,25.041323,17
69,20-1701RL-PR-013-19:08-08670800,37.034488,18
70,20-1701RL-PR-014-18:51-08331100,42.622231,17
71,20-1701RL-PR-015-18:27-08330700,53.213559,17
72,20-1701RL-PR-016-17:59-08330406,7.896562,6
73,20-1701RL-PR-017-17:49-08000700,30.966669,18
74,20-1701RL-PR-018-17:22-07671000,102.381219,19
75,20-1701RL-PR-019-19:14-07670550,2,17
76,20-17045S-MX-088-04:08-09330267,11.201923,15
77,20-17045S-MX-088-06:26-09340264,10.620737,6
78,20-17045S-MX-088-09:05-09170264,6.883409,5
79,20-17045S-MX-088-11:34-09330280,22.004008,16
80,20-17045S-MX-088-14:22-09330300,17.913043,16
81,20-17045S-MX-088-23:41-09330400,49.259259,16
82,20-17045S-MX-089-03:38-09330450,41.019868,16
83,20-17045S-MX-089-07:08-09330500,55.504587,16
84,20-17045S-MX-089-10:42-09330550,34.51163,16
85,20-17045S-MX-089-14:34-09330600,57.707321,16
86,20-17045S-MX-089-21:18-09330700,67.00858599999999,16
87,20-17045S-MX-091-09:24-09330900,66.907175,15
88,20-17045S-MX-091-22:59-09331100,95.47126400000001,16
89,20-17045S-MX-092-04:45-09331200,97.833333,16
90,20-17045S-MX-092-10:46-09001200,102.8875,16
91,20-17045S-MX-092-22:53-09001000,73.57024800000001,16
92,20-17045S-MX-093-04:34-09000900,55.26316,16
93,20-17045S-MX-093-10:24-09000800,75.668097,16
94,20-17045S-MX-093-22:30-09000600,35.25,16
95,20-17045S-MX-094-03:13-09000530,2,16
96,20-17045S-MX-094-08:26-09000450,18.8,16
97,20-17045S-MX-094-13:56-09000370,29.090909,16
98,20-17045S-MX-094-20:57-09000300,21.468429,16
99,20-17045S-MX-094-23:49-09000280,20.796178,10
100,20-17045S-MX-095-01:50-09000277,11.138952,6
101,20-17045S-MX-095-04:04-08850301,7.57732,6
102,20-17045S-MX-095-09:16-08540358,5.355506,6
103,20-17045S-MX-095-11:49-08670350,3.505114,16
104,20-17045S-MX-095-15:15-08680325,15,5
105,20-17045S-MX-095-21:37-08670400,16.666667,16
106,20-17045S-MX-096-01:26-08670450,1,16
107,20-17045S-MX-096-05:12-08670500,2,10
108,20-17045S-MX-096-09:28-08670550,3,16
109,20-17045S-MX-096-13:17-08670600,13.85322,16
110,20-17045S-MX-097-00:50-08670800,60.016958,16
111,20-17045S-MX-097-06:14-08670900,52.139241,16
112,20-17045S-MX-097-11:48-08671000,61.832317,15
113,20-17045S-MX-097-23:53-08331100,81.529954,15
114,20-17045S-MX-098-05:27-08331000,93.176492,15
115,20-17045S-MX-098-11:23-08330900,67.49019800000001,16
116,20-17045S-MX-099-04:15-08330700,91.764706,16
117,20-17045S-MX-099-11:58-08330600,3,16
118,20-17045S-MX-099-20:57-08330510,2,10
119,20-17045S-MX-100-02:37-08330420,2,14
120,20-17045S-MX-100-05:09-08330406,2,6
121,20-17045S-MX-100-06:38-08330394,10.320611,5
122,20-17045S-MX-100-09:16-08170435,3,6
123,20-17045S-MX-100-11:20-08180469,2,16
124,20-17045S-MX-100-16:22-08000505,2,6
125,20-17045S-MX-100-20:12-08000550,2,16
126,20-17045S-MX-101-01:07-08000600,2,16
127,20-17045S-MX-101-06:42-08000700,65.76587499999999,16
128,20-17045S-MX-101-12:16-08000800,71.024691,16
129,20-17045S-MX-102-00:23-08001000,106.552632,16
130,20-17045S-MX-102-06:20-07671000,67.62249,16
131,20-17045S-MX-102-11:49-07670900,58.928571,16
132,20-17045S-MX-102-22:26-07670700,40.185189,15
133,20-17045S-MX-103-03:56-07670600,2,16
134,20-17045S-MX-103-07:37-07670550,12.779924,16
135,20-17045S-MX-103-10:47-07670510,3,16
136,20-17045S-MX-103-13:00-07670490,2,8
137,20-17045S-MX-103-21:01-07330550,34.953224,10
138,20-17045S-MX-104-00:37-07330600,2,10
139,20-17045S-MX-104-06:24-07330700,35.625008,10
140,20-17045S-MX-104-12:06-07330800,39.235294,10
141,20-17045S-MX-104-18:03-07330900,65.90015699999999,10
142,20-17045S-MX-105-21:27-06670500,10,4
143,20-17045S-MX-106-03:23-07000510,10,4
144,20-17045S-MX-107-05:13-06670900,78.232044,4
145,20-17045S-MX-107-10:40-06670800,58.665083,4
146,20-17045S-MX-107-21:03-06670600,22.155408,4
147,20-17045S-MX-108-01:42-06670550,10,4
148,20-17045S-MX-108-07:16-06330520,10,3
149,20-17045S-MX-108-18:51-06330700,39.514187,4
150,20-17045S-MX-109-05:20-06330900,75.38461599999999,4
151,20-17045S-MX-109-16:16-06000800,88.137255,4
152,20-17045S-MX-110-02:50-06000600,43.751196,4
153,20-17045S-PR-088-18:28-09330350,37.959233,17
154,20-17045S-PR-090-17:00-09330800,92.76980500000001,18
155,20-17045S-PR-091-09:22-09331000,89.01755,18
156,20-17045S-PR-092-17:08-09001100,79.849315,17
157,20-17045S-PR-093-16:26-09000700,54.202903,16
158,20-17045S-PR-094-16:48-09000350,32.403213,16
159,20-17045S-PR-095-16:55-08670330,5.569715,8
160,20-17045S-PR-096-18:57-08670700,68.214697,18
161,20-17045S-PR-097-17:57-08671100,93.275001,18
162,20-17045S-PR-098-19:35-08330800,77.16667099999999,18
163,20-17045S-PR-099-17:06-08330550,3,18
164,20-17045S-PR-100-17:14-08000510,2,11
165,20-17045S-PR-101-18:28-08000900,88.60559000000001,17
166,20-17045S-PR-102-17:03-07670800,52.823529,18
167,20-17045S-PR-103-18:02-07330500,2,8
168,20-1708SR-MX-213-22:36-09330267,15.582822,8
169,20-1708SR-MX-214-00:58-09340265,12.272731,5
170,20-1708SR-MX-214-02:34-09330280,31.236803,15
171,20-1708SR-MX-214-05:59-09330300,40.746269,16
172,20-1708SR-MX-214-10:05-09330350,54.597703,16
173,20-1708SR-MX-214-14:12-09330400,53.656,16
174,20-1708SR-MX-214-22:39-09330500,23.424658,16
175,20-1708SR-MX-215-02:26-09330550,30.536916,16
176,20-1708SR-MX-215-06:33-09330600,61.214953,16
177,20-1708SR-MX-215-12:16-09330700,23.125,16
178,20-1708SR-MX-215-23:36-09330900,59.6,15
179,20-1708SR-MX-216-05:09-09331000,73.71171200000001,16
180,20-1708SR-MX-216-10:35-09331100,116.642862,16
181,20-1708SR-MX-216-23:49-09001100,79.087636,16
182,20-1708SR-MX-217-05:48-09001000,45.757582,16
183,20-1708SR-MX-217-12:07-09000900,97.085111,16
184,20-1708SR-MX-218-00:10-09000700,31.176471,16
185,20-1708SR-MX-218-06:13-09000600,41.732957,16
186,20-1708SR-MX-218-11:22-09000530,38.771938,16
187,20-1708SR-MX-218-22:06-09000370,41.477893,16
188,20-1708SR-MX-219-01:21-09000350,32.801121,16
189,20-1708SR-MX-219-05:41-09000300,42.449568,16
190,20-1708SR-MX-219-08:43-09000280,22.881357,9
191,20-1708SR-MX-219-10:28-09000277,15,5
192,20-1708SR-MX-219-12:50-08850301,15,5
193,20-1708SR-MX-219-16:24-08680325,15,5
194,20-1708SR-MX-219-19:45-08670350,30.88359,16
195,20-1708SR-MX-219-23:52-08670400,26.830988,16
196,20-1708SR-MX-220-04:15-08670450,33.960527,15
197,20-1708SR-MX-220-08:36-08670500,22.500002,10
198,20-1708SR-MX-220-12:20-08670550,31.764707,16
199,20-1708SR-MX-220-22:35-08670700,44.926111,16
200,20-1708SR-MX-221-04:31-08670800,101.813333,15
201,20-1708SR-MX-221-10:05-08670900,101.904762,16
202,20-1708SR-MX-221-21:29-08671100,40,16
203,20-1708SR-MX-222-03:14-08331100,100.88591,16
204,20-1708SR-MX-222-09:02-08331000,101.812084,16
205,20-1708SR-MX-222-20:39-08330800,101.120627,16
206,20-1708SR-MX-223-02:18-08330700,26.261688,16
207,20-1708SR-MX-223-08:41-08330600,31.108033,16
208,20-1708SR-MX-223-13:07-08330550,17.901413,16
209,20-1708SR-MX-223-23:44-08000600,17,16
210,20-1708SR-MX-224-05:53-08000700,32.874092,16
211,20-1708SR-MX-224-12:25-08000800,41.764713,15
212,20-1708SR-MX-225-00:32-08001000,84.84001000000001,16
213,20-1708SR-MX-225-07:06-07671000,109.988426,15
214,20-1708SR-MX-225-12:50-07670900,107.142861,16
215,20-1708SR-MX-226-00:13-07670700,29.531259,16
216,20-1708SR-MX-226-06:20-07670600,23.183522,16
217,20-1708SR-MX-226-10:18-07670550,11.114286,16
218,20-1708SR-MX-226-13:45-07670510,2,16
219,20-1708SR-MX-227-04:12-08000550,11.261062,16
220,20-1708SR-MX-227-08:16-08000510,4.400015,10
221,20-1708SR-MX-227-10:13-08000505,2,5
222,20-1708SR-MX-227-19:04-08170435,10,4
223,20-1708SR-MX-227-21:25-08330420,25.103452,14
224,20-1708SR-MX-227-23:55-08330406,16.099295,6
225,20-1708SR-MX-228-01:34-08330394,10,4
226,20-1708SR-MX-228-04:49-08540358,10,4
227,20-1708SR-PR-214-18:44-09330450,29.343284,17
228,20-1708SR-PR-215-18:07-09330800,65.83335,17
229,20-1708SR-PR-216-17:55-09001200,115.634245,18
230,20-1708SR-PR-217-18:19-09000800,43.875,17
231,20-1708SR-PR-218-16:57-09000450,48.867925,20
232,20-1708SR-PR-219-17:29-08670330,26.074272,10
233,20-1708SR-PR-220-16:27-08670600,43.802281,16
234,20-1708SR-PR-221-16:50-08671000,64.718755,19
235,20-1708SR-PR-222-15:51-08330900,86.17699399999999,19
236,20-1708SR-PR-223-17:04-08330510,2,13
237,20-1708SR-PR-224-18:38-08000900,111.790136,18
238,20-1708SR-PR-225-18:36-07670800,38.221243,18
239,20-1708SR-PR-226-16:20-07670490,2,11
240,20-1708SR-PR-227-15:18-08180469,6.783334,18
241,20-1711SR-MX-313-20:58-09340264,11,4
242,20-1711SR-MX-313-23:27-09170264,12,4
243,20-1711SR-MX-314-02:00-09330280,27.29927,16
244,20-1711SR-MX-314-05:31-09330300,24.950498,16
245,20-1711SR-MX-314-09:32-09330350,36.050505,16
246,20-1711SR-MX-314-13:47-09330400,30.938567,16
247,20-1711SR-MX-314-22:07-09330500,36.633803,16
248,20-1711SR-MX-315-02:17-09330550,56.944444,16
249,20-1711SR-MX-315-06:53-09330600,41.299441,14
250,20-1711SR-MX-315-12:53-09330700,64.75757900000001,16
251,20-1711SR-MX-316-00:35-09330900,87.556425,16
252,20-1711SR-MX-316-06:20-09331000,85.06452899999999,16
253,20-1711SR-MX-316-12:12-09331100,86.71171200000001,16
254,20-1711SR-MX-316-23:50-09001200,76.852357,15
255,20-1711SR-MX-317-05:45-09001100,112.157895,16
256,20-1711SR-MX-317-11:45-09001000,68.25,17
257,20-1711SR-MX-317-23:46-09000800,68.080656,16
258,20-1711SR-MX-318-05:54-09000700,68.806286,14
259,20-1711SR-MX-318-12:12-09000600,53.137255,16
260,20-1711SR-MX-319-02:06-09000370,21.468429,16
261,20-1711SR-MX-319-05:36-09000350,26.134973,15
262,20-1711SR-MX-319-09:50-09000300,16.321839,16
263,20-1711SR-MX-319-14:33-09000277,5.93361,6
264,20-1711SR-MX-319-19:07-08850301,11,4
265,20-1711SR-MX-319-22:57-08680325,4.619473,5
266,20-1711SR-MX-319-23:41-08670330,15.360465,6
267,20-1711SR-MX-320-01:53-08670350,23.55872,16
268,20-1711SR-MX-320-05:55-08540358,11.576857,6
269,20-1711SR-MX-320-08:42-08670400,28.130081,15
270,20-1711SR-MX-320-13:21-08670450,12.702703,15
271,20-1711SR-MX-320-21:17-08670550,52.116175,15
272,20-1711SR-MX-321-03:21-08330550,3.333333,16
273,20-1711SR-MX-321-07:26-08330510,29.268315,10
274,20-1711SR-MX-321-13:25-08330420,13.173657,11
275,20-1711SR-MX-321-16:01-08330394,15,5
276,20-1711SR-MX-321-20:43-08170435,15,5
277,20-1711SR-MX-321-22:45-08180469,13.103178,14
278,20-1711SR-MX-322-03:42-08000505,2,6
279,20-1711SR-MX-322-04:37-08000510,2,9
280,20-1711SR-MX-322-10:26-08000600,46.145255,13
281,20-1711SR-MX-322-22:44-08000800,67.590008,15
282,20-1711SR-MX-323-04:55-08000900,27.462687,16
283,20-1711SR-MX-323-11:08-08001000,78.565224,17
284,20-1711SR-MX-323-22:49-07670900,41.552846,16
285,20-1711SR-MX-324-04:16-07670800,44.132231,16
286,20-1711SR-MX-324-10:07-07670700,30.890585,16
287,20-1711SR-MX-324-19:34-07670550,42.503268,16
288,20-1711SR-MX-324-23:13-07670510,14.369179,15
289,20-1711SR-MX-325-01:44-07670490,2,8
290,20-1711SR-MX-325-07:09-08000550,30.940734,17
291,20-1711SR-MX-325-13:43-08330600,41.419355,16
292,20-1711SR-MX-326-01:47-08330800,72.7193,16
293,20-1711SR-MX-326-07:12-08330900,91.241135,16
294,20-1711SR-MX-326-12:39-08331000,86.168318,16
295,20-1711SR-MX-326-23:42-08671100,101.093023,15
296,20-1711SR-MX-327-05:16-08671000,67.13834199999999,15
297,20-1711SR-MX-327-11:08-08670900,70.387102,16
298,20-1711SR-MX-327-22:23-08670700,87.294134,16
299,20-1711SR-MX-328-04:27-08670600,31.584786,15
300,20-1711SR-PR-313-19:19-09330267,25.255183,8
301,20-1711SR-PR-314-18:00-09330450,30.419355,19
302,20-1711SR-PR-315-18:55-09330800,58.477666,18
303,20-1711SR-PR-316-18:10-09331200,100.369372,18
304,20-1711SR-PR-317-18:00-09000900,59.937009,17
305,20-1711SR-PR-318-17:36-09000530,61.184618,17
306,20-1711SR-PR-319-16:52-09000280,16.103213,9
307,20-1711SR-PR-320-17:43-08670500,33.353989,10
308,20-1711SR-PR-321-17:31-08330406,11.538463,6
309,20-1711SR-PR-322-17:47-08000700,56.786177,16
310,20-1711SR-PR-323-17:26-07671000,36.218393,17
311,20-1711SR-PR-324-16:50-07670600,45.344541,18
312,20-1711SR-PR-325-19:42-08330700,90.535212,18
313,20-1711SR-PR-326-18:20-08331100,81.465969,18
314,20-1711SR-PR-327-16:51-08670800,108.375005,19
315,20-18025S-MX-032-22:06-09330300,33.676471,16
316,20-18025S-MX-033-03:39-09000280,23.906252,10
317,20-18025S-MX-033-06:16-09000300,32.118451,16
318,20-18025S-MX-033-10:11-09000350,40,16
319,20-18025S-MX-033-13:01-09000370,47.750006,16
320,20-18025S-MX-033-18:16-09000450,31.879699,16
321,20-18025S-MX-033-23:23-09000530,42.678571,15
322,20-18025S-MX-034-03:52-09000600,41.770834,16
323,20-18025S-MX-034-09:12-09000700,94.75,16
324,20-18025S-MX-034-14:41-09000800,83.919718,16
325,20-18025S-MX-034-20:22-09000900,85.909091,16
326,20-18025S-MX-035-01:40-09001000,95.601507,15
327,20-18025S-MX-035-07:02-08671000,109.73236,14
328,20-18025S-MX-035-12:22-08670900,94.34463700000001,16
329,20-18025S-MX-035-17:50-08670800,80.752076,16
330,20-18025S-MX-035-23:20-08670700,64.56621,16
331,20-18025S-MX-036-04:50-08670600,44.108535,16
332,20-18025S-MX-036-08:52-08670550,61.781252,16
333,20-18025S-MX-036-12:57-08670500,30.997733,9
334,20-18025S-MX-036-16:15-08670450,30.883838,16
335,20-18025S-MX-036-20:32-08670400,32.949853,16
336,20-18025S-MX-037-00:35-08670350,24.310347,16
337,20-18025S-MX-037-03:20-08670330,21.077505,8
338,20-18025S-MX-037-09:02-08330406,13.660714,6
339,20-18025S-MX-037-10:49-08330420,26.451617,11
340,20-18025S-MX-037-14:48-08180469,23.267975,16
341,20-18025S-MX-037-20:08-08330510,15.319152,10
342,20-18025S-MX-037-22:59-08330550,43.10811,15
343,20-18025S-MX-038-03:11-08330600,51.978022,15
344,20-18025S-MX-038-08:32-08330700,25.417112,15
345,20-18025S-MX-038-14:05-08330800,44.770501,16
346,20-18025S-MX-038-19:39-08330900,102.988327,14
347,20-18025S-MX-039-00:46-08331000,102.947368,14
348,20-18025S-MX-039-05:34-08001000,91.42105599999999,16
349,20-18025S-MX-039-10:39-08000900,66.01563,15
350,20-18025S-MX-039-16:24-08000800,36.44828,16
351,20-18025S-MX-039-22:03-08000700,50.844595,16
352,20-18025S-MX-040-03:47-08000600,32.380954,15
353,20-18025S-MX-040-07:40-08000550,21.654135,16
354,20-18025S-MX-040-11:41-08000510,21.370969,9
355,20-18025S-MX-040-17:01-07670490,17.446814,8
356,20-18025S-MX-040-19:12-07670510,21.818183,16
357,20-18025S-MX-040-22:23-07670550,32.419361,16
358,20-18025S-MX-041-02:07-07670600,23.842105,16
359,20-18025S-MX-041-07:12-07670700,53.076923,15
360,20-18045S-MX-095-22:28-09340264,17,5
361,20-18045S-MX-096-00:57-09170264,9.672897000000001,5
362,20-18045S-MX-096-03:21-09330280,25.434783,16
363,20-18045S-MX-096-05:56-09330300,31.369863,16
364,20-18045S-MX-096-09:34-09330350,27.407407,16
365,20-18045S-MX-096-13:54-09330400,33.013699,16
366,20-18045S-MX-096-22:06-09330500,41.730104,16
367,20-18045S-MX-097-01:48-09330550,64.305556,16
368,20-18045S-MX-097-05:23-09330600,65.714286,16
369,20-18045S-MX-097-10:38-09330700,51.824001,16
370,20-18045S-MX-097-21:23-09330900,94.34463700000001,16
371,20-18045S-MX-098-02:46-09331000,89.44624399999999,16
372,20-18045S-MX-098-07:54-09331100,105.2,16
373,20-18045S-MX-098-13:14-09331200,106.280196,15
374,20-18045S-MX-099-00:56-09001100,101.996878,16
375,20-18045S-MX-099-07:24-09001000,90.983051,16
376,20-18045S-MX-099-14:20-09000900,89.794038,15
377,20-18045S-MX-100-01:57-09000700,87.66667,16
378,20-18045S-MX-100-07:34-09000600,48.97059,16
379,20-18045S-MX-100-12:30-09000530,30.714298,16
380,20-18045S-MX-100-23:37-09000370,22.666672,16
381,20-18045S-MX-101-02:34-09000350,22.200489,15
382,20-18045S-MX-101-06:27-09000300,21.714292,16
383,20-18045S-MX-101-09:21-09000277,17.986118,6
384,20-18045S-MX-101-10:20-09000280,11.906977,9
385,20-18045S-MX-101-13:35-08850301,10.416669,6
386,20-18045S-MX-101-21:43-08680325,15.437956,6
387,20-18045S-MX-101-23:20-08670350,11.369195,16
388,20-18045S-MX-102-02:50-08540358,1,7
389,20-18045S-MX-102-06:08-08670400,2,16
390,20-18045S-MX-102-11:19-08670450,3,15
391,20-18045S-MX-104-00:50-08670600,58.142861,16
392,20-18045S-MX-104-07:41-08670700,68.14285700000001,16
393,20-18045S-MX-104-22:03-08670900,87.95366799999999,15
394,20-18045S-MX-105-03:38-08671000,90.564986,15
395,20-18045S-MX-105-08:47-08671100,102.513838,16
396,20-18045S-MX-105-20:50-08331000,91.31068500000001,16
397,20-18045S-MX-106-02:20-08330900,78.315789,16
398,20-18045S-MX-106-07:37-08330800,63.3,15
399,20-18045S-MX-106-13:26-08330700,62.399366,16
400,20-18045S-MX-106-23:34-08330550,2,16
401,20-18045S-MX-107-03:11-08330510,2,11
402,20-18045S-MX-107-08:49-08330420,3,13
403,20-18045S-MX-107-11:28-08330406,2,7
404,20-18045S-MX-107-13:02-08330394,2,5
405,20-18045S-MX-107-16:12-08170435,2,5
406,20-18045S-MX-108-00:02-08000505,1,5
407,20-18045S-MX-108-00:50-08000510,2,9
408,20-18045S-MX-108-03:48-08000550,3,17
409,20-18045S-MX-108-07:36-08000600,2,16
410,20-18045S-MX-108-20:04-08000800,61.650497,16
411,20-18045S-MX-109-01:28-08000900,63.575758,16
412,20-18045S-MX-109-06:52-08001000,90.20379800000001,16
413,20-18045S-MX-109-21:48-07670900,74.037037,16
414,20-18045S-MX-110-03:31-07670800,61.009174,16
415,20-18045S-MX-110-08:51-07670700,63.66372,16
416,20-18045S-MX-110-14:43-07670600,61.818182,16
417,20-18045S-MX-110-22:10-07670510,2,16
418,20-18045S-MX-111-00:51-07670490,2,9
419,20-18045S-MX-111-06:19-07330500,2,5
420,20-18045S-MX-111-09:37-07330550,2,10
421,20-18045S-MX-111-13:53-07330600,2,10
422,20-18045S-MX-111-19:09-07330700,22.485501,10
423,20-18045S-MX-112-00:59-07330800,64.25856899999999,10
424,20-18045S-PR-095-20:42-09330267,10.967742,11
425,20-18045S-PR-096-17:59-09330450,24.169096,19
426,20-18045S-PR-097-17:02-09330800,100.173913,18
427,20-18045S-PR-098-18:45-09001200,94.552764,17
428,20-18045S-PR-099-20:15-09000800,87.31329100000001,18
429,20-18045S-PR-100-18:07-09000450,2,16
430,20-18045S-PR-101-18:33-08670330,14.045872,8
431,20-18045S-PR-102-15:35-08670500,2,10
432,20-18045S-PR-103-20:14-08670550,46.76193,16
433,20-18045S-PR-104-17:13-08670800,85.142241,19
434,20-18045S-PR-105-16:00-08331100,114.645283,19
435,20-18045S-PR-106-19:23-08330600,2,17
436,20-18045S-PR-107-18:25-08180469,2,15
437,20-18045S-PR-108-15:30-08000700,45.17583,18
438,20-18045S-PR-109-16:04-07671000,94.66668300000001,18
439,20-18045S-PR-110-18:44-07670550,2,19
440,20-1806SR-MX-160-21:03-09330280,20.314305,16
441,20-1806SR-MX-161-00:00-09330300,30.816024,16
442,20-1806SR-MX-161-04:20-09330350,31.222494,16
443,20-1806SR-MX-161-08:45-09330400,30.533225,16
444,20-1806SR-MX-161-13:05-09330450,21.763359,16
445,20-1806SR-MX-161-21:41-09330550,32.262781,16
446,20-1806SR-MX-162-01:57-09330600,46.756757,16
447,20-1806SR-MX-162-08:06-09330700,37.02411,15
448,20-1806SR-MX-162-14:14-09330800,52.597403,16
449,20-1806SR-MX-163-02:29-09331000,81.930697,16
450,20-1806SR-MX-163-08:16-09331100,115.617981,16
451,20-1806SR-MX-163-20:57-09001200,106.027936,16
452,20-1806SR-MX-164-03:37-09001100,111.650497,16
453,20-1806SR-MX-164-09:57-09001000,101.778157,16
454,20-1806SR-MX-164-23:04-09000800,50.166708,16
455,20-1806SR-MX-165-05:44-09000700,50.687516,15
456,20-1806SR-MX-165-12:19-09000600,3,16
457,20-1806SR-MX-165-23:13-09000450,19.689655,16
458,20-1806SR-MX-166-05:06-09000370,32.178649,16
459,20-1806SR-MX-166-08:17-09000350,40.622373,16
460,20-1806SR-MX-166-12:32-09000300,31.904523,16
461,20-1806SR-MX-166-15:25-09000277,2,4
462,20-1806SR-MX-166-19:51-08850301,2,5
463,20-1806SR-MX-166-23:25-08680325,1,5
464,20-1806SR-MX-167-00:19-08670330,11.472754,7
465,20-1806SR-MX-167-02:37-08670350,21.612903,16
466,20-1806SR-MX-167-06:52-08670400,21.545595,16
467,20-1806SR-MX-167-11:17-08670450,11.572327,14
468,20-1806SR-MX-167-15:25-08670500,2,10
469,20-1806SR-MX-167-23:44-08670600,2,15
470,20-1806SR-MX-168-06:16-08670700,76.507411,14
471,20-1806SR-MX-168-12:27-08670800,109.386141,16
472,20-1806SR-MX-169-01:00-08671000,91.255062,16
473,20-1806SR-MX-169-06:49-08671100,107.250004,16
474,20-1806SR-MX-169-12:38-08331100,105.194807,16
475,20-1806SR-MX-170-00:19-08330900,95.947025,16
476,20-1806SR-MX-170-06:07-08330800,80.641352,16
477,20-1806SR-MX-170-11:49-08330700,58.673081,16
478,20-1806SR-MX-170-22:26-08330550,2,16
479,20-1806SR-MX-171-02:21-08330510,3.123596,10
480,20-1806SR-MX-171-08:31-08000550,3,17
481,20-1806SR-MX-171-12:52-08000600,3,16
482,20-1806SR-MX-172-01:48-08000800,65.021411,15
483,20-1806SR-MX-172-08:07-08000900,78.81231699999999,15
484,20-1806SR-MX-172-14:11-08001000,89.602367,16
485,20-1806SR-MX-173-03:00-07670900,94.386368,16
486,20-1806SR-MX-173-09:15-07670800,3,16
487,20-1806SR-MX-173-21:44-07670600,2,16
488,20-1806SR-MX-174-01:49-07670550,2,15
489,20-1806SR-MX-174-05:31-07670510,1,15
490,20-1806SR-MX-174-08:13-07670490,2,9
491,20-1806SR-MX-174-13:35-08000510,5.644231,10
492,20-1806SR-MX-174-15:11-08000505,2,4
493,20-1806SR-MX-174-22:39-08170435,1,6
494,20-1806SR-MX-175-01:09-08330420,31.383539,12
495,20-1806SR-MX-175-03:14-08330406,22.993633,6
496,20-1806SR-MX-175-04:41-08330394,1,5
497,20-1806SR-PR-160-18:31-09330267,12.082653,10
498,20-1806SR-PR-161-17:27-09330500,11.918037,17
499,20-1806SR-PR-162-20:34-09330900,60.973691,19
500,20-1806SR-PR-163-15:27-09331200,121.532472,18
501,20-1806SR-PR-164-17:51-09000900,95.649721,17
502,20-1806SR-PR-165-17:46-09000530,8,17
503,20-1806SR-PR-166-17:21-09000280,24.464435,13
504,20-1806SR-PR-167-19:29-08670550,2,19
505,20-1806SR-PR-168-18:21-08670900,91.259259,18
506,20-1806SR-PR-169-18:36-08331000,97.416667,17
507,20-1806SR-PR-170-18:07-08330600,2,18
508,20-1806SR-PR-171-19:23-08000700,58.307692,17
509,20-1806SR-PR-172-20:47-07671000,70.473499,19
510,20-1806SR-PR-173-16:32-07670700,2,16
511,20-1806SR-PR-174-18:41-08180469,2.457229,16
512,20-1810SR-MX-287-20:31-09340264,15,5
513,20-1810SR-MX-287-23:04-09170264,15,5
514,20-1810SR-MX-288-01:50-09330280,30.642202,16
515,20-1810SR-MX-288-04:43-09330300,48.196721,16
516,20-1810SR-MX-288-08:52-09330350,57.142861,16
517,20-1810SR-MX-288-12:57-09330400,55,16
518,20-1810SR-MX-288-21:49-09330500,95.34463700000001,15
519,20-1810SR-MX-289-02:03-09330550,68.96129000000001,16
520,20-1810SR-MX-289-06:12-09330600,43.960527,16
521,20-1810SR-MX-289-12:23-09330700,62.285724,16
522,20-1810SR-MX-290-00:19-09330900,44.23729,16
523,20-1810SR-MX-290-06:15-09331000,55.479452,16
524,20-1810SR-MX-290-12:11-09331100,67.79902,16
525,20-1810SR-MX-291-00:13-09001200,92.349794,16
526,20-1810SR-MX-291-06:35-09001100,62.078313,16
527,20-1810SR-MX-291-12:47-09001000,76.145228,16
528,20-1810SR-MX-292-01:36-09000800,76.10925400000001,16
529,20-1810SR-MX-292-08:00-09000700,40.150378,16
530,20-1810SR-MX-292-14:19-09000600,35.524865,16
531,20-1810SR-MX-293-00:55-09000450,32.711269,16
532,20-1810SR-MX-293-06:33-09000370,32.09205,16
533,20-1810SR-MX-293-09:37-09000350,42.672415,16
534,20-1810SR-MX-293-13:38-09000300,29.756102,13
535,20-1810SR-MX-293-18:39-09000277,2,5
536,20-1810SR-MX-293-21:05-08850301,1,5
537,20-1810SR-MX-294-00:53-08680325,2,6
538,20-1810SR-MX-294-01:46-08670330,21.189815,8
539,20-1810SR-MX-294-03:57-08670350,22.663116,15
540,20-1810SR-MX-294-08:07-08670400,44.347828,16
541,20-1810SR-MX-294-12:53-08670450,22.932551,15
542,20-1810SR-MX-294-20:39-08670550,32.318182,15
543,20-1810SR-MX-295-00:50-08670600,53.629219,16
544,20-1810SR-MX-295-07:07-08670700,48.69566,16
545,20-1810SR-MX-295-13:37-08670800,86.538473,15
546,20-1810SR-MX-296-01:26-08671000,95.783784,16
547,20-1810SR-MX-296-07:07-08671100,65.167421,16
548,20-1810SR-MX-296-12:52-08331100,75.194946,15
549,20-1810SR-MX-297-00:51-08330900,107.100592,16
550,20-1810SR-MX-297-06:50-08330800,55.851067,16
551,20-1810SR-MX-297-12:51-08330700,41.24498,16
552,20-1810SR-MX-297-23:48-08330550,33.973219,16
553,20-1810SR-MX-298-03:41-08330510,2,11
554,20-1810SR-MX-298-09:37-08000550,23.75,17
555,20-1810SR-MX-298-20:26-08000700,49.196721,16
556,20-1810SR-MX-299-02:51-08000800,70.24038899999999,16
557,20-1810SR-MX-299-09:12-08000900,107.096774,16
558,20-1810SR-MX-299-21:32-07671000,112.232979,16
559,20-1810SR-MX-300-03:25-07670900,74.022989,16
560,20-1810SR-MX-300-09:15-07670800,52.094598,16
561,20-1810SR-MX-300-20:59-07670600,35.694836,16
562,20-1810SR-MX-301-01:02-07670550,21.052641,16
563,20-1810SR-MX-301-04:46-07670510,23.377194,14
564,20-1810SR-MX-301-07:22-07670490,2,9
565,20-1810SR-MX-301-12:59-08000510,2,4
566,20-1810SR-MX-301-14:40-08000505,2,5
567,20-1810SR-MX-301-22:00-08170435,17,6
568,20-1810SR-MX-302-00:45-08330394,2,5
569,20-1810SR-MX-302-01:38-08330406,25,6
570,20-1810SR-MX-302-03:21-08330420,41.564626,12
571,20-1810SR-PR-287-18:28-09330267,39.254237,9
572,20-1810SR-PR-288-17:28-09330450,65.81356100000001,16
573,20-1810SR-PR-289-18:23-09330800,48.385967,19
574,20-1810SR-PR-290-18:10-09331200,92.15517199999999,18
575,20-1810SR-PR-291-19:05-09000900,83.474581,16
576,20-1810SR-PR-292-19:30-09000530,60.403175,18
577,20-1810SR-PR-293-16:39-09000280,29.535885,11
578,20-1810SR-PR-294-17:50-08670500,31.804881,11
579,20-1810SR-PR-295-19:43-08670900,110.150957,19
580,20-1810SR-PR-296-18:44-08331000,104.159469,19
581,20-1810SR-PR-297-19:15-08330600,42.901963,17
582,20-1810SR-PR-298-15:36-08000600,36.964348,17
583,20-1810SR-PR-299-16:24-08001000,107.929085,17
584,20-1810SR-PR-300-16:05-07670700,40.501931,18
585,20-1810SR-PR-301-18:15-08180469,23.649131,99
