<?xml version="1.0" encoding="UTF-8"?>
<archive xmlns="http://rs.tdwg.org/dwc/text/" 
         xmlns:xsi="http://www.w3.org/2001/XMLSchema-instance" 
         xsi:schemaLocation="http://rs.tdwg.org/dwc/text/ http://rs.tdwg.org/dwc/text/tdwg_dwc_text.xsd">
  <core encoding="UTF-8" fieldsTerminatedBy="," linesTerminatedBy="\n" 
        fieldsEnclosedBy='"' ignoreHeaderLines="1" rowType="http://rs.tdwg.org/dwc/terms/Event">
    <files>
      <location>event.csv</location>
    </files>
    <id index="0" />
  </core>
  <extension encoding="UTF-8" fieldsTerminatedBy="," linesTerminatedBy="\n" 
             fieldsEnclosedBy='"' ignoreHeaderLines="1" rowType="http://rs.tdwg.org/dwc/terms/Occurrence">
    <files>
      <location>occurrence.csv</location>
    </files>
    <coreid index="1" />
  </extension>
  <extension encoding="UTF-8" fieldsTerminatedBy="," linesTerminatedBy="\n" 
             fieldsEnclosedBy='"' ignoreHeaderLines="1" rowType="http://rs.tdwg.org/dwc/terms/MeasurementOrFact">
    <files>
      <location>measurementorfact.csv</location>
    </files>
    <coreid index="1" />
  </extension>
</archive>
